Date,Country,ConfirmedToDate,NewConfirmed,PrevNewConfirmed,DaysToDouble_New,NewConfirmed_2DayAvg,DaysToDouble_2DayAvg,DeathsToDate,NewDeaths,PrevNewDeaths,DaysToDoubleDeath_New,NewDeaths_2DayAvg,DaysToDoubleDeath_2DayAvg,Recovered,Critical,NewCritical,NewCritical_2DayAvg,ActiveCases,DaysIn,DaysIn5,DaysIn100,DaysIn250,DaysIn1000,DaysInDeaths,DaysInDeaths5,DaysInDeaths100,DaysInDeaths250,DaysInDeaths1000,DaysInCritical,DaysInCritical5,DaysInCritical100,DaysInCritical250,DaysInCritical000
3/17/2020,Afghanistan,73,73,0,1.0,73,1.0,0,0,0,1.0,0,1.0,,,,,73,1,1,0,0,0,0,0,0,0,0,1,0,0,0,0
3/18/2020,Afghanistan,73,0,73,,36.5,,0,0,0,,0,,1,,0,0,72,2,2,0,0,0,0,0,0,0,0,2,0,0,0,1
3/19/2020,Afghanistan,22,-51,0,-1.0,-25.5,-2.0,0,0,0,,0,,1,,0,0,21,3,3,0,0,0,0,0,0,0,0,3,0,0,0,1
3/20/2020,Afghanistan,22,0,-51,,-25.5,-0.6,0,0,0,,0,,1,0,0,0,21,4,4,0,0,0,0,0,0,0,0,4,0,0,0,1
3/21/2020,Afghanistan,24,2,0,7.3,1,14.7,0,0,0,,0,,1,N/A,0,0,23,5,5,0,0,0,0,0,0,0,0,5,1,1,1,1
3/22/2020,Afghanistan,24,0,2,8.1,1,16.1,0,0,0,,,,1,N/A,0,0,23,6,6,0,0,0,0,0,0,0,0,6,2,2,2,1
3/17/2020,Albania,51,51,0,1.0,51,1.0,1,1,0,1.0,1,1.0,0,,,,50,1,1,0,0,0,1,0,0,0,0,7,0,0,0,0
3/18/2020,Albania,55,4,51,8.8,27.5,8.8,1,0,1,,0.5,,0,,0,0,54,2,2,0,0,0,2,0,0,0,0,8,0,0,0,1
3/19/2020,Albania,59,4,4,9.5,4,9.5,2,1,0,0.7,0.5,1.4,0,,0,0,57,3,3,0,0,0,3,0,0,0,0,9,0,0,0,1
3/20/2020,Albania,64,5,4,8.0,4.5,8.9,2,0,1,,0.5,2.8,0,3,3,1.5,62,4,4,0,0,0,4,0,0,0,0,10,0,0,0,1
3/21/2020,Albania,70,6,5,7.2,5.5,7.9,2,0,0,,0,,0,3,3,3,68,5,5,0,0,0,5,0,0,0,0,11,0,0,0,1
3/22/2020,Albania,76,6,6,7.9,6,7.9,2,0,0,,,,0,3,3,3,74,6,6,0,0,0,6,0,0,0,0,12,0,0,0,1
3/17/2020,Algeria,60,60,0,1.0,60,1.0,4,4,0,1.0,4,1.0,10,,,,46,1,1,0,0,0,1,0,0,0,0,13,0,0,0,0
3/18/2020,Algeria,72,12,60,2.7,36,2.7,6,2,4,1.4,3,1.4,10,,0,0,56,2,2,0,0,0,2,1,0,0,0,14,0,0,0,1
3/19/2020,Algeria,82,10,12,3.9,11,3.6,8,2,2,2.1,2,2.1,10,,0,0,64,3,3,0,0,0,3,2,0,0,0,15,0,0,0,1
3/20/2020,Algeria,82,0,10,,5,9.0,8,0,2,,1,5.6,10,0,0,0,64,4,4,0,0,0,4,3,0,0,0,16,0,0,0,1
3/21/2020,Algeria,102,20,0,2.2,10,4.5,9,1,0,5.6,0.5,11.2,10,N/A,0,0,83,5,5,1,0,0,5,4,0,0,0,17,1,1,1,1
3/22/2020,Algeria,102,0,20,2.9,10,5.8,9,0,1,6.3,5.6,12.6,10,N/A,0,0,83,6,6,2,0,0,6,5,0,0,0,18,2,2,2,1
3/17/2020,Andorra,14,14,0,1.0,14,1.0,0,0,0,1.0,0,1.0,,,,,14,1,1,0,0,0,0,0,0,0,0,19,0,0,0,0
3/18/2020,Andorra,39,25,14,0.4,19.5,0.4,0,0,0,,0,,,,0,0,39,2,2,0,0,0,0,0,0,0,0,20,0,0,0,1
3/19/2020,Andorra,53,14,25,2.0,19.5,1.4,0,0,0,,0,,,,0,0,53,3,3,0,0,0,0,0,0,0,0,21,0,0,0,1
3/20/2020,Andorra,74,21,14,1.8,17.5,2.1,0,0,0,,0,,0,2,2,1,74,4,4,0,0,0,0,0,0,0,0,22,0,0,0,1
3/21/2020,Andorra,87,13,21,4.0,17,3.0,0,0,0,,0,,N/A,2,2,2,87,5,5,0,0,0,0,0,0,0,0,23,0,0,0,1
3/22/2020,Andorra,87,0,13,4.7,17,3.6,0,0,0,,,,N/A,2,2,2,87,6,6,0,0,0,0,0,0,0,0,24,0,0,0,1
3/18/2020,Antigua and Barbuda,1,1,0,1.0,1,1.0,0,0,0,1.0,0,1.0,0,0,0,0,1,1,0,0,0,0,0,0,0,0,0,0,0,0,0,0
3/19/2020,Antigua and Barbuda,1,0,1,,0.5,,0,0,0,,0,,0,0,0,0,1,2,0,0,0,0,0,0,0,0,0,0,0,0,0,1
3/20/2020,Antigua and Barbuda,1,0,0,,0,,0,0,0,,0,,0,0,0,0,1,3,0,0,0,0,0,0,0,0,0,0,0,0,0,1
3/21/2020,Antigua and Barbuda,1,0,0,,0,,0,0,0,,0,,0,0,0,0,1,4,0,0,0,0,0,0,0,0,0,0,0,0,0,1
3/22/2020,Antigua and Barbuda,1,0,0,,0,,0,0,0,,,,0,0,0,0,1,5,0,0,0,0,0,0,0,0,0,0,0,0,0,1
3/17/2020,Argentina,65,65,0,1.0,65,1.0,2,2,0,1.0,2,1.0,,,,,63,1,1,0,0,0,1,0,0,0,0,1,0,0,0,0
3/18/2020,Argentina,79,14,65,3.1,39.5,3.1,2,0,2,,1,,,,0,0,77,2,2,0,0,0,2,0,0,0,0,2,0,0,0,1
3/19/2020,Argentina,97,18,14,3.0,16,3.4,2,0,0,,0,,,,0,0,95,3,3,0,0,0,3,0,0,0,0,3,0,0,0,1
3/20/2020,Argentina,128,31,18,2.1,24.5,2.7,3,1,0,1.4,0.5,2.8,0,0,0,0,125,4,4,1,0,0,4,0,0,0,0,4,0,0,0,1
3/21/2020,Argentina,158,30,31,2.9,30.5,2.9,3,0,1,,0.5,4.2,N/A,N/A,0,0,155,5,5,2,0,0,5,0,0,0,0,5,1,1,1,1
3/22/2020,Argentina,225,67,30,1.6,48.5,2.2,4,1,0,2.1,0.5,4.2,N/A,N/A,0,0,221,6,6,3,0,0,6,0,0,0,0,6,2,2,2,1
3/17/2020,Armenia,52,52,0,1.0,52,1.0,0,0,0,1.0,0,1.0,1,,,,51,1,1,0,0,0,0,0,0,0,0,7,0,0,0,0
3/18/2020,Armenia,78,26,52,1.4,39,1.4,0,0,0,,0,,1,,0,0,77,2,2,0,0,0,0,0,0,0,0,8,0,0,0,1
3/19/2020,Armenia,115,37,26,1.5,31.5,1.7,0,0,0,,0,,1,0,0,0,114,3,3,1,0,0,0,0,0,0,0,9,0,0,0,1
3/20/2020,Armenia,136,21,37,3.8,29,2.8,0,0,0,,0,,1,0,0,0,135,4,4,2,0,0,0,0,0,0,0,10,0,0,0,1
3/21/2020,Armenia,160,24,21,3.9,22.5,4.2,0,0,0,,0,,1,0,0,0,159,5,5,3,0,0,0,0,0,0,0,11,0,0,0,1
3/22/2020,Armenia,190,30,24,3.7,27,4.1,0,0,0,,,,2,0,0,0,188,6,6,4,0,0,0,0,0,0,0,12,0,0,0,1
3/19/2020,Aruba,4,4,0,1.0,4,1.0,0,0,0,1.0,0,1.0,,,,,4,1,0,0,0,0,0,0,0,0,0,13,0,0,0,0
3/20/2020,Aruba,5,1,4,2.8,2.5,2.8,0,0,0,,0,,1,0,0,0,4,2,1,0,0,0,0,0,0,0,0,14,0,0,0,1
3/21/2020,Aruba,5,0,1,,0.5,5.6,0,0,0,,0,,1,N/A,0,0,4,3,2,0,0,0,0,0,0,0,0,15,1,1,1,1
3/22/2020,Aruba,5,0,0,,0.5,5.6,0,0,0,,,,1,N/A,0,0,4,4,3,0,0,0,0,0,0,0,0,16,2,2,2,1
3/17/2020,Australia,456,456,0,1.0,456,1.0,5,5,0,1.0,5,1.0,27,,,,424,1,1,1,1,0,1,1,0,0,0,17,0,0,0,0
3/18/2020,Australia,568,112,456,2.6,284,2.6,6,1,5,3.5,3,3.5,27,,0,0,535,2,2,2,2,0,2,2,0,0,0,18,0,0,0,1
3/19/2020,Australia,710,142,112,2.6,127,2.9,6,0,1,,0.5,8.4,27,,0,0,677,3,3,3,3,0,3,3,0,0,0,19,0,0,0,1
3/20/2020,Australia,877,167,142,2.8,154.5,3.1,7,1,0,4.2,0.5,8.4,52,0,0,0,818,4,4,4,4,0,4,4,0,0,0,20,0,0,0,1
3/21/2020,Australia,1237,360,167,1.6,263.5,2.2,7,0,1,,0.5,9.8,73,N/A,0,0,1157,5,5,5,5,1,5,5,0,0,0,21,1,1,1,1
3/22/2020,Australia,1349,112,360,7.2,236,3.4,7,0,0,,,9.8,73,N/A,0,0,1269,6,6,6,6,2,6,6,0,0,0,22,2,2,2,1
3/17/2020,Austria,1332,1332,0,1.0,1332,1.0,3,3,0,1.0,3,1.0,9,,,,1320,1,1,1,1,1,1,0,0,0,0,23,0,0,0,0
3/18/2020,Austria,1471,139,1332,6.6,735.5,6.6,3,0,3,,1.5,,9,,0,0,1459,2,2,2,2,2,2,0,0,0,0,24,0,0,0,1
3/19/2020,Austria,2013,542,139,1.9,340.5,3.0,7,4,0,0.5,2,1.1,9,,0,0,1997,3,3,3,3,3,3,1,0,0,0,25,0,0,0,1
3/20/2020,Austria,2203,190,542,7.4,366,3.8,7,0,4,,2,2.5,9,0,0,0,2187,4,4,4,4,4,4,2,0,0,0,26,0,0,0,1
3/21/2020,Austria,2814,611,190,2.5,400.5,3.8,11,4,0,1.2,2,2.5,9,N/A,0,0,2794,5,5,5,5,5,5,3,0,0,0,27,1,1,1,1
3/22/2020,Austria,3026,212,611,9.2,411.5,4.8,11,0,4,1.9,1.2,3.8,9,N/A,0,0,3006,6,6,6,6,6,6,4,0,0,0,28,2,2,2,1
3/17/2020,Azerbaijan,28,28,0,1.0,28,1.0,1,1,0,1.0,1,1.0,3,,,,24,1,1,0,0,0,1,0,0,0,0,29,0,0,0,0
3/18/2020,Azerbaijan,30,2,28,8.4,15,8.4,1,0,1,,0.5,,7,,0,0,22,2,2,0,0,0,2,0,0,0,0,30,0,0,0,1
3/19/2020,Azerbaijan,34,4,2,3.8,3,5.1,1,0,0,,0,,10,,0,0,23,3,3,0,0,0,3,0,0,0,0,31,0,0,0,1
3/20/2020,Azerbaijan,44,10,4,1.6,7,2.3,1,0,0,,0,,10,0,0,0,33,4,4,0,0,0,4,0,0,0,0,32,0,0,0,1
3/21/2020,Azerbaijan,44,0,10,,5,4.6,1,0,0,,0,,10,N/A,0,0,33,5,5,0,0,0,5,0,0,0,0,33,1,1,1,1
3/22/2020,Azerbaijan,44,0,0,,5,4.6,1,0,0,,,,10,N/A,0,0,33,6,6,0,0,0,6,0,0,0,0,34,2,2,2,1
3/17/2020,Bahamas,1,1,0,1.0,1,1.0,0,0,0,1.0,0,1.0,,,,,1,1,0,0,0,0,0,0,0,0,0,35,0,0,0,0
3/18/2020,Bahamas,3,2,1,0.3,1.5,0.3,0,0,0,,0,,,,0,0,3,2,0,0,0,0,0,0,0,0,0,36,0,0,0,1
3/19/2020,Bahamas,3,0,2,,1,2.1,0,0,0,,0,,,,0,0,3,3,0,0,0,0,0,0,0,0,0,37,0,0,0,1
3/20/2020,Bahamas,3,0,0,,0,,0,0,0,,0,,0,0,0,0,3,4,0,0,0,0,0,0,0,0,0,38,0,0,0,1
3/21/2020,Bahamas,4,1,0,2.1,0.5,4.2,0,0,0,,0,,N/A,N/A,0,0,4,5,0,0,0,0,0,0,0,0,0,39,1,1,1,1
3/22/2020,Bahamas,4,0,1,2.8,0.5,5.6,0,0,0,,,,N/A,N/A,0,0,4,6,0,0,0,0,0,0,0,0,0,40,2,2,2,1
3/17/2020,Bahrain,242,242,0,1.0,242,1.0,1,1,0,1.0,1,1.0,88,3,3,3,153,1,1,1,0,0,1,0,0,0,0,1,0,0,0,0
3/18/2020,Bahrain,242,0,242,,121,,1,0,1,,0.5,,88,3,3,3,153,2,2,2,0,0,2,0,0,0,0,2,0,0,0,1
3/19/2020,Bahrain,279,37,0,2.9,18.5,5.8,1,0,0,,0,,110,3,3,3,168,3,3,3,1,0,3,0,0,0,0,3,0,0,0,1
3/20/2020,Bahrain,279,0,37,,18.5,6.4,1,0,0,,0,,110,3,3,3,168,4,4,4,2,0,4,0,0,0,0,4,0,0,0,1
3/21/2020,Bahrain,310,31,0,3.8,15.5,7.6,1,0,0,,0,,125,4,4,3.5,184,5,5,5,3,0,5,0,0,0,0,5,0,0,0,1
3/22/2020,Bahrain,334,24,31,5.4,27.5,4.7,2,1,0,0.7,0.5,1.4,149,3,3,3.5,183,6,6,6,4,0,6,0,0,0,0,6,0,0,0,1
3/17/2020,Bangladesh,10,10,0,1.0,10,1.0,0,0,0,1.0,0,1.0,,,,,10,1,1,0,0,0,0,0,0,0,0,7,0,0,0,0
3/18/2020,Bangladesh,11,1,10,7.0,5.5,7.0,1,1,0,,0.5,,,,0,0,10,2,2,0,0,0,1,0,0,0,0,8,0,0,0,1
3/19/2020,Bangladesh,17,6,1,1.2,3.5,2.0,1,0,1,,0.5,1.4,,,0,0,16,3,3,0,0,0,2,0,0,0,0,9,0,0,0,1
3/20/2020,Bangladesh,20,3,6,3.7,4.5,2.5,1,0,0,,0,,0,0,0,0,19,4,4,0,0,0,3,0,0,0,0,10,0,0,0,1
3/21/2020,Bangladesh,24,4,3,3.3,3.5,3.8,2,1,0,0.7,0.5,1.4,N/A,N/A,0,0,22,5,5,0,0,0,4,0,0,0,0,11,1,1,1,1
3/22/2020,Bangladesh,24,0,4,3.8,3.5,4.4,2,0,1,1.4,0.7,2.8,N/A,N/A,0,0,22,6,6,0,0,0,5,0,0,0,0,12,2,2,2,1
3/19/2020,Barbados,2,2,0,1.0,2,1.0,0,0,0,1.0,0,1.0,,,,,2,1,0,0,0,0,0,0,0,0,0,13,0,0,0,0
3/20/2020,Barbados,5,3,2,0.5,2.5,0.5,0,0,0,,0,,0,0,0,0,5,2,1,0,0,0,0,0,0,0,0,14,0,0,0,1
3/21/2020,Barbados,6,1,3,3.5,2,1.8,0,0,0,,0,,N/A,N/A,0,0,6,3,2,0,0,0,0,0,0,0,0,15,1,1,1,1
3/22/2020,Barbados,6,0,1,4.2,2,2.1,0,0,0,,,,N/A,N/A,0,0,6,4,3,0,0,0,0,0,0,0,0,16,2,2,2,1
3/17/2020,Belarus,36,36,0,1.0,36,1.0,0,0,0,1.0,0,1.0,3,,,,33,1,1,0,0,0,0,0,0,0,0,17,0,0,0,0
3/18/2020,Belarus,51,15,36,1.5,25.5,1.5,0,0,0,,0,,5,,0,0,46,2,2,0,0,0,0,0,0,0,0,18,0,0,0,1
3/19/2020,Belarus,51,0,15,,7.5,4.3,0,0,0,,0,,5,,0,0,46,3,3,0,0,0,0,0,0,0,0,19,0,0,0,1
3/20/2020,Belarus,57,6,0,5.4,3,10.7,0,0,0,,0,,15,0,0,0,42,4,4,0,0,0,0,0,0,0,0,20,0,0,0,1
3/21/2020,Belarus,69,12,6,2.5,9,3.3,0,0,0,,0,,15,N/A,0,0,54,5,5,0,0,0,0,0,0,0,0,21,1,1,1,1
3/22/2020,Belarus,76,7,12,5.4,9.5,4.0,0,0,0,,,,15,N/A,0,0,61,6,6,0,0,0,0,0,0,0,0,22,2,2,2,1
3/17/2020,Belgium,1243,1243,0,1.0,1243,1.0,10,10,0,1.0,10,1.0,1,,,,1232,1,1,1,1,1,1,1,0,0,0,23,0,0,0,0
3/18/2020,Belgium,1486,243,1243,3.5,743,3.5,14,4,10,1.8,7,1.8,31,,0,0,1441,2,2,2,2,2,2,2,0,0,0,24,0,0,0,1
3/19/2020,Belgium,1795,309,243,3.3,276,3.7,21,7,4,1.4,5.5,1.8,31,,0,0,1743,3,3,3,3,3,3,3,0,0,0,25,0,0,0,1
3/20/2020,Belgium,1795,0,309,,154.5,7.9,21,0,7,,3.5,4.2,31,100,100,50,1743,4,4,4,4,4,4,4,0,0,0,26,1,1,0,1
3/21/2020,Belgium,2815,1020,0,1.2,510,2.4,67,46,0,0.3,23,0.6,31,238,238,169,2717,5,5,5,5,5,5,5,0,0,0,27,2,2,0,1
3/22/2020,Belgium,2815,0,1020,1.9,510,3.7,67,0,46,1.0,0.3,2.0,31,238,238,238,2717,6,6,6,6,6,6,6,0,0,0,28,3,3,0,1
3/17/2020,Benin,1,1,0,1.0,1,1.0,0,0,0,1.0,0,1.0,,,,,1,1,0,0,0,0,0,0,0,0,0,29,0,0,0,0
3/18/2020,Benin,1,0,1,,0.5,,0,0,0,,0,,,,0,0,1,2,0,0,0,0,0,0,0,0,0,30,0,0,0,1
3/19/2020,Benin,2,1,0,0.7,0.5,1.4,0,0,0,,0,,,,0,0,2,3,0,0,0,0,0,0,0,0,0,31,0,0,0,1
3/20/2020,Benin,2,0,1,,0.5,2.8,0,0,0,,0,,0,0,0,0,2,4,0,0,0,0,0,0,0,0,0,32,0,0,0,1
3/21/2020,Benin,2,0,0,,0,,0,0,0,,0,,N/A,N/A,0,0,2,5,0,0,0,0,0,0,0,0,0,33,1,1,1,1
3/22/2020,Benin,2,0,0,,0,,0,0,0,,,,N/A,N/A,0,0,2,6,0,0,0,0,0,0,0,0,0,34,2,2,2,1
3/17/2020,Bhutan,1,1,0,1.0,1,1.0,0,0,0,1.0,0,1.0,,,,,1,1,0,0,0,0,0,0,0,0,0,35,0,0,0,0
3/18/2020,Bhutan,1,0,1,,0.5,,0,0,0,,0,,,,0,0,1,2,0,0,0,0,0,0,0,0,0,36,0,0,0,1
3/19/2020,Bhutan,1,0,0,,0,,0,0,0,,0,,,,0,0,1,3,0,0,0,0,0,0,0,0,0,37,0,0,0,1
3/20/2020,Bhutan,2,1,0,0.7,0.5,1.4,0,0,0,,0,,0,0,0,0,2,4,0,0,0,0,0,0,0,0,0,38,0,0,0,1
3/21/2020,Bhutan,2,0,1,,0.5,2.8,0,0,0,,0,,N/A,N/A,0,0,2,5,0,0,0,0,0,0,0,0,0,39,1,1,1,1
3/22/2020,Bhutan,2,0,0,,0.5,2.8,0,0,0,,,,N/A,N/A,0,0,2,6,0,0,0,0,0,0,0,0,0,40,2,2,2,1
3/17/2020,Bolivia,11,11,0,1.0,11,1.0,0,0,0,1.0,0,1.0,,,,,11,1,1,0,0,0,0,0,0,0,0,41,0,0,0,0
3/18/2020,Bolivia,12,1,11,7.7,6,7.7,0,0,0,,0,,,,0,0,12,2,2,0,0,0,0,0,0,0,0,42,0,0,0,1
3/19/2020,Bolivia,15,3,1,2.8,2,4.2,0,0,0,,0,,,,0,0,15,3,3,0,0,0,0,0,0,0,0,43,0,0,0,1
3/20/2020,Bolivia,15,0,3,,1.5,7.0,0,0,0,,0,,0,0,0,0,15,4,4,0,0,0,0,0,0,0,0,44,0,0,0,1
3/21/2020,Bolivia,19,4,0,2.6,2,5.3,0,0,0,,0,,N/A,N/A,0,0,19,5,5,0,0,0,0,0,0,0,0,45,1,1,1,1
3/22/2020,Bolivia,20,1,4,13.3,2.5,5.3,0,0,0,,,,N/A,N/A,0,0,20,6,6,0,0,0,0,0,0,0,0,46,2,2,2,1
3/17/2020,Bosnia,26,26,0,1.0,26,1.0,0,0,0,1.0,0,1.0,,,,,26,1,1,0,0,0,0,0,0,0,0,47,0,0,0,0
3/18/2020,Bosnia,34,8,26,2.3,17,2.3,0,0,0,,0,,,,0,0,34,2,2,0,0,0,0,0,0,0,0,48,0,0,0,1
3/19/2020,Bosnia,36,2,8,11.9,5,4.8,0,0,0,,0,,,,0,0,36,3,3,0,0,0,0,0,0,0,0,49,0,0,0,1
3/20/2020,Bosnia,69,33,2,0.8,17.5,1.4,0,0,0,,0,,2,0,0,0,67,4,4,0,0,0,0,0,0,0,0,50,0,0,0,1
3/21/2020,Bosnia,90,21,33,2.2,27,1.7,0,0,0,,0,,2,N/A,0,0,88,5,5,0,0,0,0,0,0,0,0,51,1,1,1,1
3/22/2020,Bosnia,94,4,21,15.4,12.5,4.9,1,1,0,,0.5,,2,N/A,0,0,91,6,6,0,0,0,1,0,0,0,0,52,2,2,2,1
3/17/2020,Brazil,346,346,0,1.0,346,1.0,1,1,0,1.0,1,1.0,1,,,,344,1,1,1,1,0,1,0,0,0,0,53,0,0,0,0
3/18/2020,Brazil,509,163,346,1.5,254.5,1.5,4,3,1,0.2,2,0.2,1,,0,0,504,2,2,2,2,0,2,0,0,0,0,54,0,0,0,1
3/19/2020,Brazil,635,126,163,2.8,144.5,2.4,7,3,3,0.9,3,0.9,1,,0,0,627,3,3,3,3,0,3,1,0,0,0,55,0,0,0,1
3/20/2020,Brazil,904,269,126,1.6,197.5,2.2,11,4,3,1.2,3.5,1.4,1,0,0,0,892,4,4,4,4,0,4,2,0,0,0,56,0,0,0,1
3/21/2020,Brazil,1178,274,269,2.3,271.5,2.3,18,7,4,1.1,5.5,1.4,1,N/A,0,0,1159,5,5,5,5,1,5,3,0,0,0,57,1,1,1,1
3/22/2020,Brazil,1178,0,274,3.0,271.5,3.0,18,0,7,1.8,1.1,2.3,1,N/A,0,0,1159,6,6,6,6,2,6,4,0,0,0,58,2,2,2,1
3/17/2020,Brunei,54,54,0,1.0,54,1.0,0,0,0,1.0,0,1.0,,,,,54,1,1,0,0,0,0,0,0,0,0,59,0,0,0,0
3/18/2020,Brunei,56,2,54,18.9,28,18.9,0,0,0,,0,,0,2,2,1,56,2,2,0,0,0,0,0,0,0,0,60,0,0,0,1
3/19/2020,Brunei,68,12,2,3.3,7,5.6,0,0,0,,0,,0,2,2,2,68,3,3,0,0,0,0,0,0,0,0,61,0,0,0,1
3/20/2020,Brunei,73,5,12,9.5,8.5,5.6,0,0,0,,0,,0,2,2,2,73,4,4,0,0,0,0,0,0,0,0,62,0,0,0,1
3/21/2020,Brunei,78,5,5,10.2,5,10.2,0,0,0,,0,,1,2,2,2,77,5,5,0,0,0,0,0,0,0,0,63,0,0,0,1
3/22/2020,Brunei,83,5,5,10.8,5,10.8,0,0,0,,,,2,2,2,2,81,6,6,0,0,0,0,0,0,0,0,64,0,0,0,1
3/17/2020,Bulgaria,67,67,0,1.0,67,1.0,2,2,0,1.0,2,1.0,,,,,65,1,1,0,0,0,1,0,0,0,0,65,0,0,0,0
3/18/2020,Bulgaria,81,14,67,3.2,40.5,3.2,2,0,2,,1,,,,0,0,79,2,2,0,0,0,2,0,0,0,0,66,0,0,0,1
3/19/2020,Bulgaria,94,13,14,4.3,13.5,4.1,3,1,0,1.4,0.5,2.8,,,0,0,91,3,3,0,0,0,3,0,0,0,0,67,0,0,0,1
3/20/2020,Bulgaria,112,18,13,3.5,15.5,4.1,3,0,1,,0.5,4.2,0,0,0,0,109,4,4,1,0,0,4,0,0,0,0,68,0,0,0,1
3/21/2020,Bulgaria,142,30,18,2.5,24,3.2,3,0,0,,0,,3,N/A,0,0,136,5,5,2,0,0,5,0,0,0,0,69,1,1,1,1
3/22/2020,Bulgaria,171,29,30,3.3,29.5,3.2,3,0,0,,,,3,N/A,0,0,165,6,6,3,0,0,6,0,0,0,0,70,2,2,2,1
3/17/2020,Burkina Faso,20,20,0,1.0,20,1.0,0,0,0,1.0,0,1.0,,,,,20,1,1,0,0,0,0,0,0,0,0,71,0,0,0,0
3/18/2020,Burkina Faso,27,7,20,2.0,13.5,2.0,1,1,0,,0.5,,,,0,0,26,2,2,0,0,0,1,0,0,0,0,72,0,0,0,1
3/19/2020,Burkina Faso,27,0,7,,3.5,5.2,1,0,1,,0.5,1.4,,,0,0,26,3,3,0,0,0,2,0,0,0,0,73,0,0,0,1
3/20/2020,Burkina Faso,40,13,0,1.4,6.5,2.8,1,0,0,,0,,4,0,0,0,35,4,4,0,0,0,3,0,0,0,0,74,0,0,0,1
3/21/2020,Burkina Faso,40,0,13,,6.5,3.8,1,0,0,,0,,4,N/A,0,0,35,5,5,0,0,0,4,0,0,0,0,75,1,1,1,1
3/22/2020,Burkina Faso,64,24,0,1.0,12,2.0,3,2,0,0.3,1,0.7,4,N/A,0,0,57,6,6,0,0,0,5,0,0,0,0,76,2,2,2,1
3/17/2020,Cambodia,33,33,0,1.0,33,1.0,0,0,0,1.0,0,1.0,1,,,,32,1,1,0,0,0,0,0,0,0,0,77,0,0,0,0
3/18/2020,Cambodia,33,0,33,,16.5,,0,0,0,,0,,1,,0,0,32,2,2,0,0,0,0,0,0,0,0,78,0,0,0,1
3/19/2020,Cambodia,37,4,0,5.6,2,11.2,0,0,0,,0,,1,,0,0,36,3,3,0,0,0,0,0,0,0,0,79,0,0,0,1
3/20/2020,Cambodia,47,10,4,2.5,7,3.6,0,0,0,,0,,1,0,0,0,46,4,4,0,0,0,0,0,0,0,0,80,0,0,0,1
3/21/2020,Cambodia,51,4,10,8.1,7,4.6,0,0,0,,0,,1,N/A,0,0,50,5,5,0,0,0,0,0,0,0,0,81,1,1,1,1
3/22/2020,Cambodia,51,0,4,8.8,7,5.0,0,0,0,,,,1,N/A,0,0,50,6,6,0,0,0,0,0,0,0,0,82,2,2,2,1
3/17/2020,Cameroon,5,5,0,1.0,5,1.0,0,0,0,1.0,0,1.0,,,,,5,1,1,0,0,0,0,0,0,0,0,83,0,0,0,0
3/18/2020,Cameroon,10,5,5,0.7,5,0.7,0,0,0,,0,,,,0,0,10,2,2,0,0,0,0,0,0,0,0,84,0,0,0,1
3/19/2020,Cameroon,11,1,5,7.0,3,2.3,0,0,0,,0,,,,0,0,11,3,3,0,0,0,0,0,0,0,0,85,0,0,0,1
3/20/2020,Cameroon,21,10,1,0.8,5.5,1.4,0,0,0,,0,,2,0,0,0,19,4,4,0,0,0,0,0,0,0,0,86,0,0,0,1
3/21/2020,Cameroon,27,6,10,2.2,8,1.7,0,0,0,,0,,2,N/A,0,0,25,5,5,0,0,0,0,0,0,0,0,87,1,1,1,1
3/22/2020,Cameroon,40,13,6,1.3,9.5,1.8,0,0,0,,,,2,N/A,0,0,38,6,6,0,0,0,0,0,0,0,0,88,2,2,2,1
3/17/2020,Canada,592,592,0,1.0,592,1.0,8,8,0,1.0,8,1.0,11,1,1,1,573,1,1,1,1,0,1,1,0,0,0,1,0,0,0,0
3/18/2020,Canada,716,124,592,3.2,358,3.2,9,1,8,5.6,4.5,5.6,12,7,7,4,695,2,2,2,2,0,2,2,0,0,0,2,1,0,0,1
3/19/2020,Canada,863,147,124,3.3,135.5,3.6,12,3,1,2.1,2,3.1,12,7,7,7,839,3,3,3,3,0,3,3,0,0,0,3,2,0,0,1
3/20/2020,Canada,1075,212,147,2.8,179.5,3.3,13,1,3,8.4,2,4.2,13,7,7,7,1049,4,4,4,4,1,4,4,0,0,0,4,3,0,0,1
3/21/2020,Canada,1318,243,212,3.0,227.5,3.2,19,6,1,1.5,3.5,2.6,15,7,7,7,1284,5,5,5,5,2,5,5,0,0,0,5,4,0,0,1
3/22/2020,Canada,1318,0,243,3.7,227.5,4.0,19,0,6,2.2,1.5,3.8,15,7,7,7,1284,6,6,6,6,3,6,6,0,0,0,6,5,0,0,1
3/19/2020,Cayman Islands,1,1,0,1.0,1,1.0,0,0,0,1.0,0,1.0,,,,,1,1,0,0,0,0,0,0,0,0,0,7,0,0,0,0
3/20/2020,Cayman Islands,3,2,1,0.3,1.5,0.3,1,1,0,,0.5,,0,0,0,0,2,2,0,0,0,0,1,0,0,0,0,8,0,0,0,1
3/21/2020,Cayman Islands,3,0,2,,1,1.4,1,0,1,,0.5,1.4,N/A,N/A,0,0,2,3,0,0,0,0,2,0,0,0,0,9,1,1,1,1
3/22/2020,Cayman Islands,3,0,0,,1,1.4,1,0,0,,,1.4,N/A,N/A,0,0,2,4,0,0,0,0,3,0,0,0,0,10,2,2,2,1
3/17/2020,Central African Republic,1,1,0,1.0,1,1.0,0,0,0,1.0,0,1.0,,,,,1,1,0,0,0,0,0,0,0,0,0,11,0,0,0,0
3/18/2020,Central African Republic,1,0,1,,0.5,,0,0,0,,0,,,,0,0,1,2,0,0,0,0,0,0,0,0,0,12,0,0,0,1
3/19/2020,Central African Republic,1,0,0,,0,,0,0,0,,0,,,,0,0,1,3,0,0,0,0,0,0,0,0,0,13,0,0,0,1
3/20/2020,Central African Republic,1,0,0,,0,,0,0,0,,0,,0,0,0,0,1,4,0,0,0,0,0,0,0,0,0,14,0,0,0,1
3/21/2020,Central African Republic,1,0,0,,0,,0,0,0,,0,,N/A,N/A,0,0,1,5,0,0,0,0,0,0,0,0,0,15,1,1,1,1
3/22/2020,Central African Republic,1,0,0,,0,,0,0,0,,,,N/A,N/A,0,0,1,6,0,0,0,0,0,0,0,0,0,16,2,2,2,1
3/20/2020,Chad,1,1,0,1.0,1,1.0,0,0,0,1.0,0,1.0,0,0,0,0,1,1,0,0,0,0,0,0,0,0,0,0,0,0,0,0
3/21/2020,Chad,1,0,1,,0.5,,0,0,0,,0,,N/A,N/A,0,0,1,2,0,0,0,0,0,0,0,0,0,1,1,1,1,1
3/22/2020,Chad,1,0,0,,0.5,1.4,0,0,0,,,,N/A,N/A,0,0,1,3,0,0,0,0,0,0,0,0,0,2,2,2,2,1
3/17/2020,Chile,201,201,0,1.0,201,1.0,0,0,0,1.0,0,1.0,,,,,201,1,1,1,0,0,0,0,0,0,0,3,0,0,0,0
3/18/2020,Chile,238,37,201,3.8,119,3.8,0,0,0,,0,,,,0,0,238,2,2,2,0,0,0,0,0,0,0,4,0,0,0,1
3/19/2020,Chile,238,0,37,,18.5,9.0,0,0,0,,0,,,,0,0,238,3,3,3,0,0,0,0,0,0,0,5,0,0,0,1
3/20/2020,Chile,434,196,0,0.9,98,1.7,0,0,0,,0,,0,0,0,0,434,4,4,4,1,0,0,0,0,0,0,6,0,0,0,1
3/21/2020,Chile,537,103,196,2.9,149.5,2.0,0,0,0,,0,,8,N/A,0,0,529,5,5,5,2,0,0,0,0,0,0,7,1,1,1,1
3/22/2020,Chile,537,0,103,3.6,149.5,2.5,0,0,0,,,,8,N/A,0,0,529,6,6,6,3,0,0,0,0,0,0,8,2,2,2,1
3/17/2020,China,80881,80881,0,1.0,80881,1.0,3226,3226,0,1.0,3226,1.0,68869,,,,8786,1,1,1,1,1,1,1,1,1,1,9,0,0,0,0
3/18/2020,China,80928,47,80881,130.9,40464,130.9,3245,19,3226,118.9,1622.5,118.9,70420,,0,0,7263,2,2,2,2,2,2,2,2,2,2,10,0,0,0,1
3/19/2020,China,80928,0,47,,23.5,216.3,3245,0,19,,9.5,239.1,70420,,0,0,7263,3,3,3,3,3,3,3,3,3,3,11,0,0,0,1
3/20/2020,China,80967,39,0,130.4,19.5,260.7,3248,3,0,757.2,1.5,1514.3,70420,2314,2314,1157,7299,4,4,4,4,4,4,4,4,4,4,12,1,1,1,1
3/21/2020,China,81054,87,39,58.7,63,81.1,3261,13,3,174.9,8,284.2,72440,1963,1963,2138.5,5353,5,5,5,5,5,5,5,5,5,5,13,2,2,2,1
3/22/2020,China,81054,0,87,43.1,63,59.5,3261,0,13,175.6,174.9,285.3,72440,1963,1963,1963,5353,6,6,6,6,6,6,6,6,6,6,14,3,3,3,1
3/17/2020,Colombia,57,57,0,1.0,57,1.0,0,0,0,1.0,0,1.0,,,,,57,1,1,0,0,0,0,0,0,0,0,15,0,0,0,0
3/18/2020,Colombia,102,45,57,0.9,51,0.9,0,0,0,,0,,,,0,0,102,2,2,1,0,0,0,0,0,0,0,16,0,0,0,1
3/19/2020,Colombia,102,0,45,,22.5,3.2,0,0,0,,0,,,,0,0,102,3,3,2,0,0,0,0,0,0,0,17,0,0,0,1
3/20/2020,Colombia,128,26,0,2.7,13,5.5,0,0,0,,0,,0,0,0,0,128,4,4,3,0,0,0,0,0,0,0,18,0,0,0,1
3/21/2020,Colombia,158,30,26,3.0,28,3.2,0,0,0,,0,,N/A,N/A,0,0,158,5,5,4,0,0,0,0,0,0,0,19,1,1,1,1
3/22/2020,Colombia,210,52,30,2.1,41,2.7,1,1,0,,0.5,,N/A,N/A,0,0,209,6,6,5,0,0,1,0,0,0,0,20,2,2,2,1
3/17/2020,Congo Republic,1,1,0,1.0,1,1.0,0,0,0,1.0,0,1.0,,,,,1,1,0,0,0,0,0,0,0,0,0,21,0,0,0,0
3/18/2020,Congo Republic,1,0,1,,0.5,,0,0,0,,0,,,,0,0,1,2,0,0,0,0,0,0,0,0,0,22,0,0,0,1
3/19/2020,Congo Republic,3,2,0,0.3,1,0.7,0,0,0,,0,,,,0,0,3,3,0,0,0,0,0,0,0,0,0,23,0,0,0,1
3/20/2020,Congo Republic,3,0,2,,1,2.1,0,0,0,,0,,0,0,0,0,3,4,0,0,0,0,0,0,0,0,0,24,0,0,0,1
3/21/2020,Congo Republic,3,0,0,,0,,0,0,0,,0,,N/A,N/A,0,0,3,5,0,0,0,0,0,0,0,0,0,25,1,1,1,1
3/22/2020,Congo Republic,3,0,0,,0,,0,0,0,,,,N/A,N/A,0,0,3,6,0,0,0,0,0,0,0,0,0,26,2,2,2,1
3/17/2020,Costa Rica,41,41,0,1.0,41,1.0,0,0,0,1.0,0,1.0,,,,,41,1,1,0,0,0,0,0,0,0,0,27,0,0,0,0
3/18/2020,Costa Rica,50,9,41,3.2,25,3.2,0,0,0,,0,,,,0,0,50,2,2,0,0,0,0,0,0,0,0,28,0,0,0,1
3/19/2020,Costa Rica,69,19,9,1.8,14,2.5,1,1,0,,0.5,,,,0,0,68,3,3,0,0,0,1,0,0,0,0,29,0,0,0,1
3/20/2020,Costa Rica,87,18,19,2.6,18.5,2.6,2,1,1,0.7,1,0.7,0,1,1,0.5,85,4,4,0,0,0,2,0,0,0,0,30,0,0,0,1
3/21/2020,Costa Rica,113,26,18,2.3,22,2.7,2,0,1,,0.5,2.8,N/A,1,1,1,111,5,5,1,0,0,3,0,0,0,0,31,0,0,0,1
3/22/2020,Costa Rica,117,4,26,19.4,15,5.2,2,0,0,,,2.8,2,1,1,1,113,6,6,2,0,0,4,0,0,0,0,32,0,0,0,1
3/17/2020,Croatia,65,65,0,1.0,65,1.0,0,0,0,1.0,0,1.0,1,,,,64,1,1,0,0,0,0,0,0,0,0,33,0,0,0,0
3/18/2020,Croatia,65,0,65,,32.5,,0,0,0,,0,,4,,0,0,61,2,2,0,0,0,0,0,0,0,0,34,0,0,0,1
3/19/2020,Croatia,97,32,0,1.3,16,2.7,0,0,0,,0,,4,,0,0,93,3,3,0,0,0,0,0,0,0,0,35,0,0,0,1
3/20/2020,Croatia,110,13,32,5.0,22.5,2.9,1,1,0,,0.5,,4,0,0,0,105,4,4,1,0,0,1,0,0,0,0,36,0,0,0,1
3/21/2020,Croatia,168,58,13,1.3,35.5,2.1,1,0,1,,0.5,1.4,5,N/A,0,0,162,5,5,2,0,0,2,0,0,0,0,37,1,1,1,1
3/22/2020,Croatia,206,38,58,3.0,48,2.4,1,0,0,,,1.4,5,N/A,0,0,200,6,6,3,0,0,3,0,0,0,0,38,2,2,2,1
3/17/2020,Cuba,5,5,0,1.0,5,1.0,0,0,0,1.0,0,1.0,,,,,5,1,1,0,0,0,0,0,0,0,0,39,0,0,0,0
3/18/2020,Cuba,11,6,5,0.6,5.5,0.6,1,1,0,,0.5,,,1,1,0.5,10,2,2,0,0,0,1,0,0,0,0,40,0,0,0,1
3/19/2020,Cuba,11,0,6,,3,2.3,1,0,1,,0.5,1.4,,1,1,1,10,3,3,0,0,0,2,0,0,0,0,41,0,0,0,1
3/20/2020,Cuba,16,5,0,1.4,2.5,2.8,1,0,0,,0,,0,1,1,1,15,4,4,0,0,0,3,0,0,0,0,42,0,0,0,1
3/21/2020,Cuba,21,5,5,2.1,5,2.1,1,0,0,,0,,0,0,0,0.5,20,5,5,0,0,0,4,0,0,0,0,43,0,0,0,1
3/22/2020,Cuba,25,4,5,3.5,4.5,3.1,1,0,0,,,,2,2,2,1,22,6,6,0,0,0,5,0,0,0,0,44,0,0,0,1
3/19/2020,Curaçao,3,3,0,1.0,3,1.0,1,1,0,1.0,1,1.0,,,,,2,1,0,0,0,0,1,0,0,0,0,45,0,0,0,0
3/20/2020,Curaçao,3,0,3,,1.5,,1,0,1,,0.5,,0,0,0,0,2,2,0,0,0,0,2,0,0,0,0,46,0,0,0,1
3/21/2020,Curaçao,3,0,0,,0,,1,0,0,,0,,N/A,N/A,0,0,2,3,0,0,0,0,3,0,0,0,0,47,1,1,1,1
3/22/2020,Curaçao,3,0,0,,0,,1,0,0,,,,N/A,N/A,0,0,2,4,0,0,0,0,4,0,0,0,0,48,2,2,2,1
3/17/2020,Cyprus,46,46,0,1.0,46,1.0,0,0,0,1.0,0,1.0,,,,,46,1,1,0,0,0,0,0,0,0,0,49,0,0,0,0
3/18/2020,Cyprus,49,3,46,10.7,24.5,10.7,0,0,0,,0,,,,0,0,49,2,2,0,0,0,0,0,0,0,0,50,0,0,0,1
3/19/2020,Cyprus,59,10,3,3.4,6.5,5.3,0,0,0,,0,,,,0,0,59,3,3,0,0,0,0,0,0,0,0,51,0,0,0,1
3/20/2020,Cyprus,67,8,10,5.2,9,4.6,0,0,0,,0,,0,0,0,0,67,4,4,0,0,0,0,0,0,0,0,52,0,0,0,1
3/21/2020,Cyprus,84,17,8,2.8,12.5,3.8,1,1,0,,0.5,,N/A,N/A,0,0,83,5,5,0,0,0,1,0,0,0,0,53,1,1,1,1
3/22/2020,Cyprus,84,0,17,3.4,12.5,4.6,1,0,1,0.7,,1.4,N/A,N/A,0,0,83,6,6,0,0,0,2,0,0,0,0,54,2,2,2,1
3/17/2020,Czech Republic,434,434,0,1.0,434,1.0,0,0,0,1.0,0,1.0,3,0,0,0,431,1,1,1,1,0,0,0,0,0,0,0,0,0,0,0
3/18/2020,Czech Republic,464,30,434,10.1,232,10.1,0,0,0,,0,,3,0,0,0,461,2,2,2,2,0,0,0,0,0,0,0,0,0,0,1
3/19/2020,Czech Republic,694,230,30,1.4,130,2.5,0,0,0,,0,,3,0,0,0,691,3,3,3,3,0,0,0,0,0,0,0,0,0,0,1
3/20/2020,Czech Republic,833,139,230,3.5,184.5,2.6,0,0,0,,0,,4,2,2,1,829,4,4,4,4,0,0,0,0,0,0,1,0,0,0,1
3/21/2020,Czech Republic,995,162,139,3.6,150.5,3.9,0,0,0,,0,,6,2,2,2,989,5,5,5,5,0,0,0,0,0,0,2,0,0,0,1
3/22/2020,Czech Republic,995,0,162,4.3,150.5,4.6,0,0,0,,,,6,2,2,2,989,6,6,6,6,0,0,0,0,0,0,3,0,0,0,1
3/17/2020,Denmark,1024,1024,0,1.0,1024,1.0,4,4,0,1.0,4,1.0,,,,,1020,1,1,1,1,1,1,0,0,0,0,4,0,0,0,0
3/18/2020,Denmark,1091,67,1024,10.7,545.5,10.7,4,0,4,,2,,,,0,0,1087,2,2,2,2,2,2,0,0,0,0,5,0,0,0,1
3/19/2020,Denmark,1223,132,67,5.8,99.5,7.6,6,2,0,1.4,1,2.8,,,0,0,1217,3,3,3,3,3,3,1,0,0,0,6,0,0,0,1
3/20/2020,Denmark,1335,112,132,7.6,122,7.0,9,3,2,1.4,2.5,1.7,0,0,0,0,1326,4,4,4,4,4,4,2,0,0,0,7,0,0,0,1
3/21/2020,Denmark,1418,83,112,11.2,97.5,9.5,13,4,3,1.6,3.5,1.8,3,37,37,18.5,1402,5,5,5,5,5,5,3,0,0,0,8,1,0,0,1
3/22/2020,Denmark,1418,0,83,11.8,97.5,10.1,13,0,4,2.3,1.6,2.6,3,37,37,37,1402,6,6,6,6,6,6,4,0,0,0,9,2,0,0,1
3/17/2020,Diamond Princess,712,712,0,1.0,712,1.0,7,7,0,1.0,7,1.0,458,,,,247,1,1,1,1,0,1,1,0,0,0,10,0,0,0,0
3/18/2020,Diamond Princess,712,0,712,,356,,7,0,7,,3.5,,458,,0,0,247,2,2,2,2,0,2,2,0,0,0,11,0,0,0,1
3/19/2020,Diamond Princess,712,0,0,,0,,7,0,0,,0,,551,,0,0,154,3,3,3,3,0,3,3,0,0,0,12,0,0,0,1
3/20/2020,Diamond Princess,712,0,0,,0,,7,0,0,,0,,551,12,12,6,154,4,4,4,4,0,4,4,0,0,0,13,1,0,0,1
3/21/2020,Diamond Princess,712,0,0,,0,,8,1,0,4.9,0.5,9.8,551,12,12,12,153,5,5,5,5,0,5,5,0,0,0,14,2,0,0,1
3/22/2020,Diamond Princess,712,0,0,,0,,8,0,1,5.6,4.9,11.2,551,12,12,12,153,6,6,6,6,0,6,6,0,0,0,15,3,0,0,1
3/18/2020,Djibouti,1,1,0,1.0,1,1.0,0,0,0,1.0,0,1.0,,,,,1,1,0,0,0,0,0,0,0,0,0,16,0,0,0,0
3/19/2020,Djibouti,1,0,1,,0.5,,0,0,0,,0,,,,0,0,1,2,0,0,0,0,0,0,0,0,0,17,0,0,0,1
3/20/2020,Djibouti,1,0,0,,0,,0,0,0,,0,,0,0,0,0,1,3,0,0,0,0,0,0,0,0,0,18,0,0,0,1
3/21/2020,Djibouti,1,0,0,,0,,0,0,0,,0,,N/A,N/A,0,0,1,4,0,0,0,0,0,0,0,0,0,19,1,1,1,1
3/22/2020,Djibouti,1,0,0,,0,,0,0,0,,,,N/A,N/A,0,0,1,5,0,0,0,0,0,0,0,0,0,20,2,2,2,1
3/17/2020,Dominican Republic,21,21,0,1.0,21,1.0,1,1,0,1.0,1,1.0,,,,,20,1,1,0,0,0,1,0,0,0,0,21,0,0,0,0
3/18/2020,Dominican Republic,21,0,21,,10.5,,1,0,1,,0.5,,,,0,0,20,2,2,0,0,0,2,0,0,0,0,22,0,0,0,1
3/19/2020,Dominican Republic,34,13,0,1.1,6.5,2.2,2,1,0,0.7,0.5,1.4,,,0,0,32,3,3,0,0,0,3,0,0,0,0,23,0,0,0,1
3/20/2020,Dominican Republic,34,0,13,,6.5,3.4,2,0,1,,0.5,2.8,0,0,0,0,32,4,4,0,0,0,4,0,0,0,0,24,0,0,0,1
3/21/2020,Dominican Republic,72,38,0,0.6,19,1.2,2,0,0,,0,,N/A,N/A,0,0,70,5,5,0,0,0,5,0,0,0,0,25,1,1,1,1
3/22/2020,Dominican Republic,112,40,38,1.2,39,1.3,3,1,0,1.4,0.5,2.8,N/A,N/A,0,0,109,6,6,1,0,0,6,0,0,0,0,26,2,2,2,1
3/17/2020,DR Congo,3,3,0,1.0,3,1.0,0,0,0,1.0,0,1.0,,,,,3,1,0,0,0,0,0,0,0,0,0,27,0,0,0,0
3/18/2020,DR Congo,7,4,3,0.5,3.5,0.5,0,0,0,,0,,,,0,0,7,2,1,0,0,0,0,0,0,0,0,28,0,0,0,1
3/19/2020,DR Congo,14,7,4,0.7,5.5,0.9,0,0,0,,0,,,,0,0,14,3,2,0,0,0,0,0,0,0,0,29,0,0,0,1
3/20/2020,DR Congo,18,4,7,2.5,5.5,1.8,0,0,0,,0,,0,0,0,0,18,4,3,0,0,0,0,0,0,0,0,30,0,0,0,1
3/21/2020,DR Congo,23,5,4,2.5,4.5,2.8,1,1,0,,0.5,,N/A,N/A,0,0,22,5,4,0,0,0,1,0,0,0,0,31,1,1,1,1
3/22/2020,DR Congo,30,7,5,2.2,6,2.6,1,0,1,0.7,,1.4,N/A,N/A,0,0,29,6,5,0,0,0,2,0,0,0,0,32,2,2,2,1
3/17/2020,Ecuador,58,58,0,1.0,58,1.0,2,2,0,1.0,2,1.0,,,,,56,1,1,0,0,0,1,0,0,0,0,33,0,0,0,0
3/18/2020,Ecuador,168,110,58,0.4,84,0.4,3,1,2,1.4,1.5,1.4,,,0,0,165,2,2,1,0,0,2,0,0,0,0,34,0,0,0,1
3/19/2020,Ecuador,168,0,110,,55,2.1,3,0,1,,0.5,4.2,,,0,0,165,3,3,2,0,0,3,0,0,0,0,35,0,0,0,1
3/20/2020,Ecuador,426,258,0,0.4,129,0.9,7,4,0,0.5,2,1.1,3,6,6,3,416,4,4,3,1,0,4,1,0,0,0,36,1,0,0,1
3/21/2020,Ecuador,532,106,258,2.7,182,1.6,7,0,4,,2,2.5,3,6,6,6,522,5,5,4,2,0,5,2,0,0,0,37,2,0,0,1
3/22/2020,Ecuador,532,0,106,3.4,182,2.0,7,0,0,,,2.5,3,6,6,6,522,6,6,5,3,0,6,3,0,0,0,38,3,0,0,1
3/17/2020,Egypt,196,196,0,1.0,196,1.0,6,6,0,1.0,6,1.0,26,,,,164,1,1,1,0,0,1,1,0,0,0,39,0,0,0,0
3/18/2020,Egypt,196,0,196,,98,,6,0,6,,3,,26,,0,0,164,2,2,2,0,0,2,2,0,0,0,40,0,0,0,1
3/19/2020,Egypt,210,14,0,8.2,7,16.4,6,0,0,,0,,28,,0,0,176,3,3,3,0,0,3,3,0,0,0,41,0,0,0,1
3/20/2020,Egypt,256,46,14,2.7,30,4.1,7,1,0,4.2,0.5,8.4,28,0,0,0,221,4,4,4,1,0,4,4,0,0,0,42,0,0,0,1
3/21/2020,Egypt,294,38,46,4.1,42,3.7,10,3,1,1.6,2,2.5,41,N/A,0,0,243,5,5,5,2,0,5,5,0,0,0,43,1,1,1,1
3/22/2020,Egypt,294,0,38,4.5,42,4.1,10,0,3,2.3,1.6,3.5,41,N/A,0,0,243,6,6,6,3,0,6,6,0,0,0,44,2,2,2,1
3/18/2020,El Salvador,1,1,0,1.0,1,1.0,0,0,0,1.0,0,1.0,,,,,1,1,0,0,0,0,0,0,0,0,0,45,0,0,0,0
3/19/2020,El Salvador,1,0,1,,0.5,,0,0,0,,0,,,,0,0,1,2,0,0,0,0,0,0,0,0,0,46,0,0,0,1
3/20/2020,El Salvador,1,0,0,,0,,0,0,0,,0,,0,0,0,0,1,3,0,0,0,0,0,0,0,0,0,47,0,0,0,1
3/21/2020,El Salvador,3,2,0,0.3,1,0.7,0,0,0,,0,,N/A,N/A,0,0,3,4,0,0,0,0,0,0,0,0,0,48,1,1,1,1
3/22/2020,El Salvador,3,0,2,1.1,1,2.1,0,0,0,,,,N/A,N/A,0,0,3,5,0,0,0,0,0,0,0,0,0,49,2,2,2,1
3/17/2020,Equatorial Guinea,1,1,0,1.0,1,1.0,0,0,0,1.0,0,1.0,,,,,1,1,0,0,0,0,0,0,0,0,0,50,0,0,0,0
3/18/2020,Equatorial Guinea,3,2,1,0.3,1.5,0.3,0,0,0,,0,,,,0,0,3,2,0,0,0,0,0,0,0,0,0,51,0,0,0,1
3/19/2020,Equatorial Guinea,3,0,2,,1,2.1,0,0,0,,0,,,,0,0,3,3,0,0,0,0,0,0,0,0,0,52,0,0,0,1
3/20/2020,Equatorial Guinea,6,3,0,0.7,1.5,1.4,0,0,0,,0,,0,0,0,0,6,4,1,0,0,0,0,0,0,0,0,53,0,0,0,1
3/21/2020,Equatorial Guinea,6,0,3,,1.5,2.8,0,0,0,,0,,N/A,N/A,0,0,6,5,2,0,0,0,0,0,0,0,0,54,1,1,1,1
3/22/2020,Equatorial Guinea,6,0,0,,1.5,2.8,0,0,0,,,,N/A,N/A,0,0,6,6,3,0,0,0,0,0,0,0,0,55,2,2,2,1
3/17/2020,Estonia,205,205,0,1.0,205,1.0,0,0,0,1.0,0,1.0,1,,,,204,1,1,1,0,0,0,0,0,0,0,56,0,0,0,0
3/18/2020,Estonia,258,53,205,2.7,129,2.7,0,0,0,,0,,1,,0,0,257,2,2,2,1,0,0,0,0,0,0,57,0,0,0,1
3/19/2020,Estonia,267,9,53,20.0,31,5.8,0,0,0,,0,,1,,0,0,266,3,3,3,2,0,0,0,0,0,0,58,0,0,0,1
3/20/2020,Estonia,267,0,9,,4.5,41.4,0,0,0,,0,,1,0,0,0,266,4,4,4,3,0,0,0,0,0,0,59,0,0,0,1
3/21/2020,Estonia,306,39,0,4.8,19.5,9.5,0,0,0,,0,,2,N/A,0,0,304,5,5,5,4,0,0,0,0,0,0,60,1,1,1,1
3/22/2020,Estonia,326,20,39,10.6,29.5,7.2,0,0,0,,,,2,N/A,0,0,324,6,6,6,5,0,0,0,0,0,0,61,2,2,2,1
3/17/2020,Eswatini,1,1,0,1.0,1,1.0,0,0,0,1.0,0,1.0,,,,,1,1,0,0,0,0,0,0,0,0,0,62,0,0,0,0
3/18/2020,Eswatini,1,0,1,,0.5,,0,0,0,,0,,,,0,0,1,2,0,0,0,0,0,0,0,0,0,63,0,0,0,1
3/19/2020,Eswatini,1,0,0,,0,,0,0,0,,0,,,,0,0,1,3,0,0,0,0,0,0,0,0,0,64,0,0,0,1
3/20/2020,Eswatini,1,0,0,,0,,0,0,0,,0,,0,0,0,0,1,4,0,0,0,0,0,0,0,0,0,65,0,0,0,1
3/21/2020,Eswatini,1,0,0,,0,,0,0,0,,0,,0,0,0,0,1,5,0,0,0,0,0,0,0,0,0,66,0,0,0,1
3/22/2020,Eswatini,1,0,0,,0,,0,0,0,,,,0,0,0,0,1,6,0,0,0,0,0,0,0,0,0,67,0,0,0,1
3/17/2020,Ethiopia,5,5,0,1.0,5,1.0,0,0,0,1.0,0,1.0,,,,,5,1,1,0,0,0,0,0,0,0,0,68,0,0,0,0
3/18/2020,Ethiopia,6,1,5,3.5,3,3.5,0,0,0,,0,,,,0,0,6,2,2,0,0,0,0,0,0,0,0,69,0,0,0,1
3/19/2020,Ethiopia,9,3,1,1.4,2,2.1,0,0,0,,0,,,,0,0,9,3,3,0,0,0,0,0,0,0,0,70,0,0,0,1
3/20/2020,Ethiopia,9,0,3,,1.5,4.2,0,0,0,,0,,0,0,0,0,9,4,4,0,0,0,0,0,0,0,0,71,0,0,0,1
3/21/2020,Ethiopia,9,0,0,,0,,0,0,0,,0,,N/A,N/A,0,0,9,5,5,0,0,0,0,0,0,0,0,72,1,1,1,1
3/22/2020,Ethiopia,9,0,0,,0,,0,0,0,,,,N/A,N/A,0,0,9,6,6,0,0,0,0,0,0,0,0,73,2,2,2,1
3/20/2020,Fiji,1,1,0,1.0,1,1.0,0,0,0,1.0,0,1.0,0,0,0,0,1,1,0,0,0,0,0,0,0,0,0,0,0,0,0,0
3/21/2020,Fiji,2,1,1,0.7,1,0.7,0,0,0,,0,,0,N/A,0,0,2,2,0,0,0,0,0,0,0,0,0,1,1,1,1,1
3/22/2020,Fiji,2,0,1,1.4,1,1.4,0,0,0,,,,0,N/A,0,0,2,3,0,0,0,0,0,0,0,0,0,2,2,2,2,1
3/17/2020,Finland,319,319,0,1.0,319,1.0,0,0,0,1.0,0,1.0,1,,,,318,1,1,1,1,0,0,0,0,0,0,3,0,0,0,0
3/18/2020,Finland,333,14,319,15.9,166.5,15.9,0,0,0,,0,,10,,0,0,323,2,2,2,2,0,0,0,0,0,0,4,0,0,0,1
3/19/2020,Finland,400,67,14,3.4,40.5,5.6,0,0,0,,0,,10,,0,0,390,3,3,3,3,0,0,0,0,0,0,5,0,0,0,1
3/20/2020,Finland,450,50,67,5.5,58.5,4.7,0,0,0,,0,,10,0,0,0,440,4,4,4,4,0,0,0,0,0,0,6,0,0,0,1
3/21/2020,Finland,521,71,50,4.3,60.5,5.1,1,1,0,,0.5,,10,N/A,0,0,510,5,5,5,5,0,1,0,0,0,0,7,1,1,1,1
3/22/2020,Finland,521,0,71,5.0,60.5,5.9,1,0,1,0.7,,1.4,10,N/A,0,0,510,6,6,6,6,0,2,0,0,0,0,8,2,2,2,1
3/17/2020,France,7730,7730,0,1.0,7730,1.0,175,175,0,1.0,175,1.0,12,,,,7543,1,1,1,1,1,1,1,1,0,0,9,0,0,0,0
3/18/2020,France,9134,1404,7730,3.8,4567,3.8,264,89,175,1.4,132,1.4,12,,0,0,8858,2,2,2,2,2,2,2,2,1,0,10,0,0,0,1
3/19/2020,France,10995,1861,1404,3.3,1632.5,3.8,372,108,89,1.7,98.5,1.9,12,,0,0,10611,3,3,3,3,3,3,3,3,2,0,11,0,0,0,1
3/20/2020,France,12612,1617,1861,4.6,1739,4.3,450,78,108,3.3,93,2.8,1587,1297,1297,648.5,10575,4,4,4,4,4,4,4,4,3,0,12,1,1,1,1
3/21/2020,France,14459,1847,1617,4.0,1732,4.3,562,112,78,2.8,95,3.3,1587,1297,1297,1297,12310,5,5,5,5,5,5,5,5,4,0,13,2,2,2,1
3/22/2020,France,14459,0,1847,4.7,1732,5.0,562,0,112,3.5,2.8,4.1,1587,1297,1297,1297,12310,6,6,6,6,6,6,6,6,5,0,14,3,3,3,1
3/19/2020,French Polynesia,6,6,0,1.0,6,1.0,0,0,0,1.0,0,1.0,,,,,6,1,1,0,0,0,0,0,0,0,0,15,0,0,0,0
3/20/2020,French Polynesia,11,5,6,0.8,5.5,0.8,0,0,0,,0,,0,0,0,0,11,2,2,0,0,0,0,0,0,0,0,16,0,0,0,1
3/21/2020,French Polynesia,11,0,5,,2.5,3.1,0,0,0,,0,,N/A,N/A,0,0,11,3,3,0,0,0,0,0,0,0,0,17,1,1,1,1
3/22/2020,French Polynesia,11,0,0,,2.5,3.1,0,0,0,,,,N/A,N/A,0,0,11,4,4,0,0,0,0,0,0,0,0,18,2,2,2,1
3/17/2020,Gabon,1,1,0,1.0,1,1.0,0,0,0,1.0,0,1.0,,,,,1,1,0,0,0,0,0,0,0,0,0,19,0,0,0,0
3/18/2020,Gabon,3,2,1,0.3,1.5,0.3,0,0,0,,0,,,,0,0,3,2,0,0,0,0,0,0,0,0,0,20,0,0,0,1
3/19/2020,Gabon,3,0,2,,1,2.1,0,0,0,,0,,,,0,0,3,3,0,0,0,0,0,0,0,0,0,21,0,0,0,1
3/20/2020,Gabon,3,0,0,,0,,0,0,0,,0,,0,0,0,0,3,4,0,0,0,0,0,0,0,0,0,22,0,0,0,1
3/21/2020,Gabon,4,1,0,2.1,0.5,4.2,1,1,0,,0.5,,N/A,N/A,0,0,3,5,0,0,0,0,1,0,0,0,0,23,1,1,1,1
3/22/2020,Gabon,4,0,1,2.1,0.5,4.2,1,0,1,0.7,,1.4,N/A,N/A,0,0,3,6,0,0,0,0,2,0,0,0,0,24,2,2,2,1
3/17/2020,Gambia,1,1,0,1.0,1,1.0,0,0,0,1.0,0,1.0,,,,,1,1,0,0,0,0,0,0,0,0,0,25,0,0,0,0
3/18/2020,Gambia,1,0,1,,0.5,,0,0,0,,0,,,,0,0,1,2,0,0,0,0,0,0,0,0,0,26,0,0,0,1
3/19/2020,Gambia,1,0,0,,0,,0,0,0,,0,,,,0,0,1,3,0,0,0,0,0,0,0,0,0,27,0,0,0,1
3/20/2020,Gambia,1,0,0,,0,,0,0,0,,0,,0,0,0,0,1,4,0,0,0,0,0,0,0,0,0,28,0,0,0,1
3/21/2020,Gambia,1,0,0,,0,,0,0,0,,0,,N/A,N/A,0,0,1,5,0,0,0,0,0,0,0,0,0,29,1,1,1,1
3/22/2020,Gambia,1,0,0,,0,,0,0,0,,,,N/A,N/A,0,0,1,6,0,0,0,0,0,0,0,0,0,30,2,2,2,1
3/17/2020,Georgia,35,35,0,1.0,35,1.0,0,0,0,1.0,0,1.0,1,,,,34,1,1,0,0,0,0,0,0,0,0,31,0,0,0,0
3/18/2020,Georgia,38,3,35,7.9,19,7.9,0,0,0,,0,,1,,0,0,37,2,2,0,0,0,0,0,0,0,0,32,0,0,0,1
3/19/2020,Georgia,40,2,3,13.0,2.5,10.4,0,0,0,,0,,1,,0,0,39,3,3,0,0,0,0,0,0,0,0,33,0,0,0,1
3/20/2020,Georgia,44,4,2,6.8,3,9.1,0,0,0,,0,,1,1,1,0.5,43,4,4,0,0,0,0,0,0,0,0,34,0,0,0,1
3/21/2020,Georgia,47,3,4,10.0,3.5,8.6,0,0,0,,0,,1,1,1,1,46,5,5,0,0,0,0,0,0,0,0,35,0,0,0,1
3/22/2020,Georgia,54,7,3,4.6,5,6.4,0,0,0,,,,3,1,1,1,51,6,6,0,0,0,0,0,0,0,0,36,0,0,0,1
3/17/2020,Germany,9360,9360,0,1.0,9360,1.0,26,26,0,1.0,26,1.0,67,2,2,2,9267,1,1,1,1,1,1,1,0,0,0,1,0,0,0,0
3/18/2020,Germany,12327,2967,9360,2.2,6163.5,2.2,28,2,26,9.1,14,9.1,105,2,2,2,12194,2,2,2,2,2,2,2,0,0,0,2,0,0,0,1
3/19/2020,Germany,15320,2993,2967,2.9,2980,2.9,44,16,2,1.2,9,2.2,115,2,2,2,15161,3,3,3,3,3,3,3,0,0,0,3,0,0,0,1
3/20/2020,Germany,19848,4528,2993,2.3,3760.5,2.8,60,16,16,1.9,16,1.9,115,2,2,2,19673,4,4,4,4,4,4,4,0,0,0,4,0,0,0,1
3/21/2020,Germany,22364,2516,4528,5.5,3522,3.9,84,24,16,1.8,20,2.1,239,N/A,0,1,22041,5,5,5,5,5,5,5,0,0,0,5,1,1,1,1
3/22/2020,Germany,24806,2442,2516,6.3,2479,6.2,93,9,24,6.5,16.5,3.6,266,N/A,0,0,24447,6,6,6,6,6,6,6,0,0,0,6,2,2,2,1
3/17/2020,Ghana,6,6,0,1.0,6,1.0,0,0,0,1.0,0,1.0,,,,,6,1,1,0,0,0,0,0,0,0,0,7,0,0,0,0
3/18/2020,Ghana,7,1,6,4.2,3.5,4.2,0,0,0,,0,,,,0,0,7,2,2,0,0,0,0,0,0,0,0,8,0,0,0,1
3/19/2020,Ghana,9,2,1,2.5,1.5,3.3,0,0,0,,0,,,,0,0,9,3,3,0,0,0,0,0,0,0,0,9,0,0,0,1
3/20/2020,Ghana,16,7,2,0.9,4.5,1.4,0,0,0,,0,,0,0,0,0,16,4,4,0,0,0,0,0,0,0,0,10,0,0,0,1
3/21/2020,Ghana,19,3,7,3.7,5,2.2,0,0,0,,0,,N/A,N/A,0,0,19,5,5,0,0,0,0,0,0,0,0,11,1,1,1,1
3/22/2020,Ghana,21,2,3,6.7,2.5,5.3,1,1,0,,0.5,,N/A,N/A,0,0,20,6,6,0,0,0,1,0,0,0,0,12,2,2,2,1
3/17/2020,Gibraltar,3,3,0,1.0,3,1.0,0,0,0,1.0,0,1.0,1,,,,2,1,0,0,0,0,0,0,0,0,0,13,0,0,0,0
3/18/2020,Gibraltar,3,0,3,,1.5,,0,0,0,,0,,1,,0,0,2,2,0,0,0,0,0,0,0,0,0,14,0,0,0,1
3/19/2020,Gibraltar,8,5,0,0.3,2.5,0.6,0,0,0,,0,,2,,0,0,6,3,1,0,0,0,0,0,0,0,0,15,0,0,0,1
3/20/2020,Gibraltar,10,2,5,2.1,3.5,1.2,0,0,0,,0,,2,1,1,0.5,8,4,2,0,0,0,0,0,0,0,0,16,0,0,0,1
3/21/2020,Gibraltar,10,0,2,,1,5.6,0,0,0,,0,,2,1,1,1,8,5,3,0,0,0,0,0,0,0,0,17,0,0,0,1
3/22/2020,Gibraltar,10,0,0,,1,5.6,0,0,0,,,,2,1,1,1,8,6,4,0,0,0,0,0,0,0,0,18,0,0,0,1
3/17/2020,Greece,387,387,0,1.0,387,1.0,5,5,0,1.0,5,1.0,10,,,,372,1,1,1,1,0,1,1,0,0,0,19,0,0,0,0
3/18/2020,Greece,387,0,387,,193.5,,5,0,5,,2.5,,10,,0,0,372,2,2,2,2,0,2,2,0,0,0,20,0,0,0,1
3/19/2020,Greece,464,77,0,3.4,38.5,6.8,6,1,0,3.5,0.5,7.0,10,,0,0,448,3,3,3,3,0,3,3,0,0,0,21,0,0,0,1
3/20/2020,Greece,495,31,77,10.1,54,5.8,10,4,1,1.1,2.5,1.7,19,20,20,10,466,4,4,4,4,0,4,4,0,0,0,22,1,0,0,1
3/21/2020,Greece,530,35,31,9.3,33,9.9,13,3,4,2.3,3.5,2.0,19,18,18,19,498,5,5,5,5,0,5,5,0,0,0,23,2,0,0,1
3/22/2020,Greece,530,0,35,10.0,33,10.6,13,0,3,3.0,2.3,2.6,19,18,18,18,498,6,6,6,6,0,6,6,0,0,0,24,3,0,0,1
3/18/2020,Greenland,2,2,0,1.0,2,1.0,0,0,0,1.0,0,1.0,,,,,2,1,0,0,0,0,0,0,0,0,0,25,0,0,0,0
3/19/2020,Greenland,2,0,2,,1,,0,0,0,,0,,,,0,0,2,2,0,0,0,0,0,0,0,0,0,26,0,0,0,1
3/20/2020,Greenland,2,0,0,,0,,0,0,0,,0,,0,0,0,0,2,3,0,0,0,0,0,0,0,0,0,27,0,0,0,1
3/21/2020,Greenland,2,0,0,,0,,0,0,0,,0,,N/A,N/A,0,0,2,4,0,0,0,0,0,0,0,0,0,28,1,1,1,1
3/22/2020,Greenland,2,0,0,,0,,0,0,0,,,,N/A,N/A,0,0,2,5,0,0,0,0,0,0,0,0,0,29,2,2,2,1
3/17/2020,Guatemala,6,6,0,1.0,6,1.0,1,1,0,1.0,1,1.0,,,,,5,1,1,0,0,0,1,0,0,0,0,30,0,0,0,0
3/18/2020,Guatemala,6,0,6,,3,,1,0,1,,0.5,,,,0,0,5,2,2,0,0,0,2,0,0,0,0,31,0,0,0,1
3/19/2020,Guatemala,7,1,0,3.5,0.5,7.0,1,0,0,,0,,,,0,0,6,3,3,0,0,0,3,0,0,0,0,32,0,0,0,1
3/20/2020,Guatemala,9,2,1,2.1,1.5,2.8,1,0,0,,0,,0,0,0,0,8,4,4,0,0,0,4,0,0,0,0,33,0,0,0,1
3/21/2020,Guatemala,13,4,2,1.4,3,1.9,1,0,0,,0,,N/A,N/A,0,0,12,5,5,0,0,0,5,0,0,0,0,34,1,1,1,1
3/22/2020,Guatemala,17,4,4,2.1,4,2.1,1,0,0,,,,N/A,N/A,0,0,16,6,6,0,0,0,6,0,0,0,0,35,2,2,2,1
3/19/2020,Guernsey,1,1,0,1.0,1,1.0,0,0,0,1.0,0,1.0,,,,,1,1,0,0,0,0,0,0,0,0,0,36,0,0,0,0
3/20/2020,Guernsey,1,0,1,,0.5,,0,0,0,,0,,0,0,0,0,1,2,0,0,0,0,0,0,0,0,0,37,0,0,0,1
3/21/2020,Guernsey,2,1,0,0.7,0.5,1.4,0,0,0,,0,,N/A,N/A,0,0,2,3,0,0,0,0,0,0,0,0,0,38,1,1,1,1
3/22/2020,Guernsey,2,0,1,1.4,0.5,2.8,0,0,0,,,,N/A,N/A,0,0,2,4,0,0,0,0,0,0,0,0,0,39,2,2,2,1
3/17/2020,Guinea,1,1,0,1.0,1,1.0,0,0,0,1.0,0,1.0,,,,,1,1,0,0,0,0,0,0,0,0,0,40,0,0,0,0
3/18/2020,Guinea,1,0,1,,0.5,,0,0,0,,0,,,,0,0,1,2,0,0,0,0,0,0,0,0,0,41,0,0,0,1
3/19/2020,Guinea,2,1,0,0.7,0.5,1.4,0,0,0,,0,,,,0,0,2,3,0,0,0,0,0,0,0,0,0,42,0,0,0,1
3/20/2020,Guinea,2,0,1,,0.5,2.8,0,0,0,,0,,0,0,0,0,2,4,0,0,0,0,0,0,0,0,0,43,0,0,0,1
3/21/2020,Guinea,2,0,0,,0,,0,0,0,,0,,N/A,N/A,0,0,2,5,0,0,0,0,0,0,0,0,0,44,1,1,1,1
3/22/2020,Guinea,2,0,0,,0,,0,0,0,,,,N/A,N/A,0,0,2,6,0,0,0,0,0,0,0,0,0,45,2,2,2,1
3/19/2020,Guyana,4,4,0,1.0,4,1.0,0,0,0,1.0,0,1.0,,,,,4,1,0,0,0,0,0,0,0,0,0,46,0,0,0,0
3/20/2020,Guyana,5,1,4,2.8,2.5,2.8,0,0,0,,0,,0,0,0,0,5,2,1,0,0,0,0,0,0,0,0,47,0,0,0,1
3/21/2020,Guyana,5,0,1,,0.5,7.0,0,0,0,,0,,N/A,N/A,0,0,5,3,2,0,0,0,0,0,0,0,0,48,1,1,1,1
3/22/2020,Guyana,5,0,0,,0.5,7.0,0,0,0,,,,N/A,N/A,0,0,5,4,3,0,0,0,0,0,0,0,0,49,2,2,2,1
3/19/2020,Haiti,2,2,0,1.0,2,1.0,0,0,0,1.0,0,1.0,,,,,2,1,0,0,0,0,0,0,0,0,0,50,0,0,0,0
3/20/2020,Haiti,2,0,2,,1,,0,0,0,,0,,0,0,0,0,2,2,0,0,0,0,0,0,0,0,0,51,0,0,0,1
3/21/2020,Haiti,2,0,0,,0,,0,0,0,,0,,N/A,N/A,0,0,2,3,0,0,0,0,0,0,0,0,0,52,1,1,1,1
3/22/2020,Haiti,2,0,0,,0,,0,0,0,,,,N/A,N/A,0,0,2,4,0,0,0,0,0,0,0,0,0,53,2,2,2,1
3/17/2020,Honduras,8,8,0,1.0,8,1.0,0,0,0,1.0,0,1.0,,,,,8,1,1,0,0,0,0,0,0,0,0,54,0,0,0,0
3/18/2020,Honduras,8,0,8,,4,,0,0,0,,0,,,,0,0,8,2,2,0,0,0,0,0,0,0,0,55,0,0,0,1
3/19/2020,Honduras,12,4,0,1.4,2,2.8,0,0,0,,0,,,,0,0,12,3,3,0,0,0,0,0,0,0,0,56,0,0,0,1
3/20/2020,Honduras,24,12,4,0.7,8,1.1,0,0,0,,0,,0,0,0,0,24,4,4,0,0,0,0,0,0,0,0,57,0,0,0,1
3/21/2020,Honduras,24,0,12,,6,2.8,0,0,0,,0,,N/A,N/A,0,0,24,5,5,0,0,0,0,0,0,0,0,58,1,1,1,1
3/22/2020,Honduras,26,2,0,8.4,1,16.8,0,0,0,,,,N/A,N/A,0,0,26,6,6,0,0,0,0,0,0,0,0,59,2,2,2,1
3/17/2020,Hong Kong,158,158,0,1.0,158,1.0,4,4,0,1.0,4,1.0,88,2,2,2,66,1,1,1,0,0,1,0,0,0,0,1,0,0,0,0
3/18/2020,Hong Kong,193,35,158,1.3,96.5,1.3,4,0,4,,2,,95,2,2,2,94,2,2,2,0,0,2,0,0,0,0,2,0,0,0,1
3/19/2020,Hong Kong,193,0,35,,17.5,3.8,4,0,0,,0,,95,2,2,2,94,3,3,3,0,0,3,0,0,0,0,3,0,0,0,1
3/20/2020,Hong Kong,256,63,0,1.0,31.5,2.1,4,0,0,,0,,98,4,4,3,154,4,4,4,1,0,4,0,0,0,0,4,0,0,0,1
3/21/2020,Hong Kong,274,18,63,6.0,40.5,2.7,4,0,0,,0,,100,4,4,4,170,5,5,5,2,0,5,0,0,0,0,5,0,0,0,1
3/22/2020,Hong Kong,318,44,18,2.7,31,3.8,4,0,0,,,,100,4,4,4,214,6,6,6,3,0,6,0,0,0,0,6,0,0,0,1
3/17/2020,Hungary,50,50,0,1.0,50,1.0,1,1,0,1.0,1,1.0,2,,,,47,1,1,0,0,0,1,0,0,0,0,7,0,0,0,0
3/18/2020,Hungary,50,0,50,,25,,1,0,1,,0.5,,2,,0,0,47,2,2,0,0,0,2,0,0,0,0,8,0,0,0,1
3/19/2020,Hungary,73,23,0,1.4,11.5,2.9,1,0,0,,0,,2,,0,0,70,3,3,0,0,0,3,0,0,0,0,9,0,0,0,1
3/20/2020,Hungary,85,12,23,4.1,17.5,2.8,3,2,0,0.3,1,0.7,7,0,0,0,75,4,4,0,0,0,4,0,0,0,0,10,0,0,0,1
3/21/2020,Hungary,103,18,12,2.9,15,3.5,3,0,2,,1,2.1,7,N/A,0,0,93,5,5,1,0,0,5,0,0,0,0,11,1,1,1,1
3/22/2020,Hungary,131,28,18,2.3,23,2.8,3,0,0,,,2.1,7,N/A,0,0,121,6,6,2,0,0,6,0,0,0,0,12,2,2,2,1
3/17/2020,Iceland,247,247,0,1.0,247,1.0,0,0,0,1.0,0,1.0,5,,,,242,1,1,1,0,0,0,0,0,0,0,13,0,0,0,0
3/18/2020,Iceland,247,0,247,,123.5,,0,0,0,,0,,5,,0,0,242,2,2,2,0,0,0,0,0,0,0,14,0,0,0,1
3/19/2020,Iceland,330,83,0,2.0,41.5,4.1,0,0,0,,0,,5,,0,0,325,3,3,3,1,0,0,0,0,0,0,15,0,0,0,1
3/20/2020,Iceland,409,79,83,2.9,81,2.8,0,0,0,,0,,5,1,1,0.5,404,4,4,4,2,0,0,0,0,0,0,16,0,0,0,1
3/21/2020,Iceland,473,64,79,4.4,71.5,4.0,0,0,0,,0,,5,1,1,1,468,5,5,5,3,0,0,0,0,0,0,17,0,0,0,1
3/22/2020,Iceland,568,95,64,3.4,79.5,4.1,0,0,0,,,,5,1,1,1,563,6,6,6,4,0,0,0,0,0,0,18,0,0,0,1
3/17/2020,India,137,137,0,1.0,137,1.0,3,3,0,1.0,3,1.0,14,,,,120,1,1,1,0,0,1,0,0,0,0,19,0,0,0,0
3/18/2020,India,147,10,137,8.4,73.5,8.4,3,0,3,,1.5,,14,,0,0,130,2,2,2,0,0,2,0,0,0,0,20,0,0,0,1
3/19/2020,India,173,26,10,3.5,18,5.1,4,1,0,2.1,0.5,4.2,15,,0,0,154,3,3,3,0,0,3,0,0,0,0,21,0,0,0,1
3/20/2020,India,236,63,26,1.7,44.5,2.4,4,0,1,,0.5,5.6,15,0,0,0,217,4,4,4,0,0,4,0,0,0,0,22,0,0,0,1
3/21/2020,India,315,79,63,1.9,71,2.1,4,0,0,,0,,23,N/A,0,0,288,5,5,5,1,0,5,0,0,0,0,23,1,1,1,1
3/22/2020,India,324,9,79,22.4,44,4.6,4,0,0,,,,23,N/A,0,0,297,6,6,6,2,0,6,0,0,0,0,24,2,2,2,1
3/17/2020,Indonesia,172,172,0,1.0,172,1.0,7,7,0,1.0,7,1.0,9,,,,156,1,1,1,0,0,1,1,0,0,0,25,0,0,0,0
3/18/2020,Indonesia,227,55,172,2.0,113.5,2.0,19,12,7,0.4,9.5,0.4,11,,0,0,197,2,2,2,0,0,2,2,0,0,0,26,0,0,0,1
3/19/2020,Indonesia,309,82,55,1.7,68.5,2.0,25,6,12,2.2,9,1.5,15,,0,0,269,3,3,3,1,0,3,3,0,0,0,27,0,0,0,1
3/20/2020,Indonesia,369,60,82,3.1,71,2.7,32,7,6,2.5,6.5,2.7,17,0,0,0,320,4,4,4,2,0,4,4,0,0,0,28,0,0,0,1
3/21/2020,Indonesia,450,81,60,2.8,70.5,3.2,38,6,7,3.7,6.5,3.4,17,N/A,0,0,395,5,5,5,3,0,5,5,0,0,0,29,1,1,1,1
3/22/2020,Indonesia,450,0,81,3.4,70.5,3.9,38,0,6,4.4,3.7,4.1,17,N/A,0,0,395,6,6,6,4,0,6,6,0,0,0,30,2,2,2,1
3/17/2020,Iran,16169,16169,0,1.0,16169,1.0,988,988,0,1.0,988,1.0,5389,,,,9792,1,1,1,1,1,1,1,1,1,0,31,0,0,0,0
3/18/2020,Iran,17361,1192,16169,5.8,8680.5,5.8,1135,147,988,4.7,567.5,4.7,5710,,0,0,10516,2,2,2,2,2,2,2,2,2,1,32,0,0,0,1
3/19/2020,Iran,18407,1046,1192,7.0,1119,6.6,1284,149,147,5.3,148,5.4,5979,,0,0,11144,3,3,3,3,3,3,3,3,3,2,33,0,0,0,1
3/20/2020,Iran,19644,1237,1046,6.3,1141.5,6.8,1433,149,149,6.0,149,6.0,6745,0,0,0,11466,4,4,4,4,4,4,4,4,4,3,34,0,0,0,1
3/21/2020,Iran,20610,966,1237,8.3,1101.5,7.3,1556,123,149,8.2,136,7.4,7635,N/A,0,0,11419,5,5,5,5,5,5,5,5,5,4,35,1,1,1,1
3/22/2020,Iran,20610,0,966,8.3,1101.5,7.3,1556,0,123,8.9,8.2,8.0,7635,N/A,0,0,11419,6,6,6,6,6,6,6,6,6,5,36,2,2,2,1
3/17/2020,Iraq,154,154,0,1.0,154,1.0,11,11,0,1.0,11,1.0,41,,,,102,1,1,1,0,0,1,1,0,0,0,37,0,0,0,0
3/18/2020,Iraq,154,0,154,,77,,11,0,11,,5.5,,41,,0,0,102,2,2,2,0,0,2,2,0,0,0,38,0,0,0,1
3/19/2020,Iraq,177,23,0,3.1,11.5,6.2,12,1,0,7.7,0.5,15.4,49,,0,0,116,3,3,3,0,0,3,3,0,0,0,39,0,0,0,1
3/20/2020,Iraq,208,31,23,2.6,27,3.0,17,5,1,1.7,3,2.8,49,0,0,0,142,4,4,4,0,0,4,4,0,0,0,40,0,0,0,1
3/21/2020,Iraq,208,0,31,,15.5,6.4,17,0,5,,2.5,4.8,49,N/A,0,0,142,5,5,5,0,0,5,5,0,0,0,41,1,1,1,1
3/22/2020,Iraq,214,6,0,16.6,3,33.1,17,0,0,,,4.8,52,N/A,0,0,145,6,6,6,0,0,6,6,0,0,0,42,2,2,2,1
3/17/2020,Ireland,292,292,0,1.0,292,1.0,2,2,0,1.0,2,1.0,,,,,290,1,1,1,1,0,1,0,0,0,0,43,0,0,0,0
3/18/2020,Ireland,366,74,292,2.7,183,2.7,2,0,2,,1,,,,0,0,364,2,2,2,2,0,2,0,0,0,0,44,0,0,0,1
3/19/2020,Ireland,366,0,74,,37,6.9,2,0,0,,0,,,,0,0,364,3,3,3,3,0,3,0,0,0,0,45,0,0,0,1
3/20/2020,Ireland,683,317,0,0.8,158.5,1.6,3,1,0,1.4,0.5,2.8,0,0,0,0,680,4,4,4,4,0,4,0,0,0,0,46,0,0,0,1
3/21/2020,Ireland,785,102,317,4.7,209.5,2.3,3,0,1,,0.5,4.2,N/A,N/A,0,0,782,5,5,5,5,0,5,0,0,0,0,47,1,1,1,1
3/22/2020,Ireland,785,0,102,5.4,209.5,2.6,3,0,0,,,4.2,N/A,N/A,0,0,782,6,6,6,6,0,6,0,0,0,0,48,2,2,2,1
3/19/2020,Isle of Man,1,1,0,1.0,1,1.0,0,0,0,1.0,0,1.0,,,,,1,1,0,0,0,0,0,0,0,0,0,49,0,0,0,0
3/20/2020,Isle of Man,1,0,1,,0.5,,0,0,0,,0,,0,0,0,0,1,2,0,0,0,0,0,0,0,0,0,50,0,0,0,1
3/21/2020,Isle of Man,2,1,0,0.7,0.5,1.4,0,0,0,,0,,N/A,N/A,0,0,2,3,0,0,0,0,0,0,0,0,0,51,1,1,1,1
3/22/2020,Isle of Man,2,0,1,1.4,0.5,2.8,0,0,0,,,,N/A,N/A,0,0,2,4,0,0,0,0,0,0,0,0,0,52,2,2,2,1
3/17/2020,Israel,337,337,0,1.0,337,1.0,0,0,0,1.0,0,1.0,5,,,,332,1,1,1,1,0,0,0,0,0,0,53,0,0,0,0
3/18/2020,Israel,337,0,337,,168.5,,0,0,0,,0,,5,,0,0,332,2,2,2,2,0,0,0,0,0,0,54,0,0,0,1
3/19/2020,Israel,573,236,0,1.0,118,2.0,0,0,0,,0,,14,6,6,3,559,3,3,3,3,0,0,0,0,0,0,55,1,0,0,1
3/20/2020,Israel,705,132,236,3.0,184,2.1,1,1,0,,0.5,,14,10,10,8,690,4,4,4,4,0,1,0,0,0,0,56,2,0,0,1
3/21/2020,Israel,883,178,132,2.7,155,3.1,1,0,1,,0.5,1.4,14,15,15,12.5,868,5,5,5,5,0,2,0,0,0,0,57,3,0,0,1
3/22/2020,Israel,883,0,178,3.4,155,3.9,1,0,0,,,1.4,14,15,15,15,868,6,6,6,6,0,3,0,0,0,0,58,4,0,0,1
3/17/2020,Italy,31506,31506,0,1.0,31506,1.0,2503,2503,0,1.0,2503,1.0,2941,,,,26062,1,1,1,1,1,1,1,1,1,1,59,0,0,0,0
3/18/2020,Italy,35713,4207,31506,4.3,17856.5,4.3,2978,475,2503,3.7,1489,3.7,4025,,0,0,28710,2,2,2,2,2,2,2,2,2,2,60,0,0,0,1
3/19/2020,Italy,41035,5322,4207,3.8,4764.5,4.2,3405,427,475,4.9,451,4.6,4440,,0,0,33190,3,3,3,3,3,3,3,3,3,3,61,0,0,0,1
3/20/2020,Italy,47021,5986,5322,3.9,5654,4.1,4032,627,427,3.8,527,4.5,5129,2655,2655,1327.5,37860,4,4,4,4,4,4,4,4,4,4,62,1,1,1,1
3/21/2020,Italy,53578,6557,5986,4.0,6271.5,4.2,4825,793,627,3.6,710,4.0,6072,2857,2857,2756,42681,5,5,5,5,5,5,5,5,5,5,63,2,2,2,1
3/22/2020,Italy,59138,5560,6557,5.4,6058.5,4.9,5476,651,793,5.2,722,4.7,7024,3009,3009,2933,46638,6,6,6,6,6,6,6,6,6,6,64,3,3,3,1
3/17/2020,Ivory Coast,6,6,0,1.0,6,1.0,0,0,0,1.0,0,1.0,,,,,6,1,1,0,0,0,0,0,0,0,0,65,0,0,0,0
3/18/2020,Ivory Coast,6,0,6,,3,,0,0,0,,0,,,,0,0,6,2,2,0,0,0,0,0,0,0,0,66,0,0,0,1
3/19/2020,Ivory Coast,6,0,0,,0,,0,0,0,,0,,,,0,0,6,3,3,0,0,0,0,0,0,0,0,67,0,0,0,1
3/20/2020,Ivory Coast,9,3,0,1.4,1.5,2.8,0,0,0,,0,,0,0,0,0,9,4,4,0,0,0,0,0,0,0,0,68,0,0,0,1
3/21/2020,Ivory Coast,14,5,3,1.3,4,1.6,0,0,0,,0,,N/A,N/A,0,0,14,5,5,0,0,0,0,0,0,0,0,69,1,1,1,1
3/22/2020,Ivory Coast,14,0,5,2.0,4,2.5,0,0,0,,,,N/A,N/A,0,0,14,6,6,0,0,0,0,0,0,0,0,70,2,2,2,1
3/17/2020,Jamaica,12,12,0,1.0,12,1.0,0,0,0,1.0,0,1.0,,,,,12,1,1,0,0,0,0,0,0,0,0,71,0,0,0,0
3/18/2020,Jamaica,13,1,12,8.4,6.5,8.4,1,1,0,,0.5,,,,0,0,12,2,2,0,0,0,1,0,0,0,0,72,0,0,0,1
3/19/2020,Jamaica,15,2,1,4.2,1.5,5.6,1,0,1,,0.5,1.4,,,0,0,14,3,3,0,0,0,2,0,0,0,0,73,0,0,0,1
3/20/2020,Jamaica,16,1,2,9.8,1.5,6.5,1,0,0,,0,,0,0,0,0,15,4,4,0,0,0,3,0,0,0,0,74,0,0,0,1
3/21/2020,Jamaica,19,3,1,3.5,2,5.3,1,0,0,,0,,N/A,N/A,0,0,18,5,5,0,0,0,4,0,0,0,0,75,1,1,1,1
3/22/2020,Jamaica,19,0,3,4.2,2,6.3,1,0,0,,,,N/A,N/A,0,0,18,6,6,0,0,0,5,0,0,0,0,76,2,2,2,1
3/17/2020,Japan,835,835,0,1.0,835,1.0,29,29,0,1.0,29,1.0,164,,,,642,1,1,1,1,0,1,1,0,0,0,77,0,0,0,0
3/18/2020,Japan,835,0,835,,417.5,,29,0,29,,14.5,,164,,0,0,642,2,2,2,2,0,2,2,0,0,0,78,0,0,0,1
3/19/2020,Japan,956,121,0,3.7,60.5,7.4,40,11,0,1.8,5.5,3.7,215,,0,0,701,3,3,3,3,0,3,3,0,0,0,79,0,0,0,1
3/20/2020,Japan,967,11,121,44.6,66,7.4,33,-7,11,-4.0,2,14.0,215,49,49,24.5,719,4,4,4,4,0,4,4,0,0,0,80,1,0,0,1
3/21/2020,Japan,1055,88,11,5.7,49.5,10.2,36,3,-7,7.7,-2,-11.5,215,49,49,49,804,5,5,5,5,1,5,5,0,0,0,81,2,0,0,1
3/22/2020,Japan,1055,0,88,6.4,49.5,11.4,36,0,3,8.4,7.7,-12.6,215,49,49,49,804,6,6,6,6,2,6,6,0,0,0,82,3,0,0,1
3/19/2020,Jersey,6,6,0,1.0,6,1.0,0,0,0,1.0,0,1.0,,,,,6,1,1,0,0,0,0,0,0,0,0,83,0,0,0,0
3/20/2020,Jersey,10,4,6,1.1,5,1.1,0,0,0,,0,,0,0,0,0,10,2,2,0,0,0,0,0,0,0,0,84,0,0,0,1
3/21/2020,Jersey,12,2,4,3.5,3,2.3,0,0,0,,0,,N/A,N/A,0,0,12,3,3,0,0,0,0,0,0,0,0,85,1,1,1,1
3/22/2020,Jersey,12,0,2,4.2,3,2.8,0,0,0,,,,N/A,N/A,0,0,12,4,4,0,0,0,0,0,0,0,0,86,2,2,2,1
3/17/2020,Jordan,48,48,0,1.0,48,1.0,0,0,0,1.0,0,1.0,1,,,,47,1,1,0,0,0,0,0,0,0,0,87,0,0,0,0
3/18/2020,Jordan,48,0,48,,24,,0,0,0,,0,,1,,0,0,47,2,2,0,0,0,0,0,0,0,0,88,0,0,0,1
3/19/2020,Jordan,56,8,0,4.1,4,8.2,0,0,0,,0,,1,,0,0,55,3,3,0,0,0,0,0,0,0,0,89,0,0,0,1
3/20/2020,Jordan,69,13,8,3.0,10.5,3.7,0,0,0,,0,,1,0,0,0,68,4,4,0,0,0,0,0,0,0,0,90,0,0,0,1
3/21/2020,Jordan,99,30,13,1.6,21.5,2.2,0,0,0,,0,,1,N/A,0,0,98,5,5,0,0,0,0,0,0,0,0,91,1,1,1,1
3/22/2020,Jordan,99,0,30,2.3,21.5,3.2,0,0,0,,,,1,N/A,0,0,98,6,6,0,0,0,0,0,0,0,0,92,2,2,2,1
3/17/2020,Kazakhstan,27,27,0,1.0,27,1.0,0,0,0,1.0,0,1.0,,,,,27,1,1,0,0,0,0,0,0,0,0,93,0,0,0,0
3/18/2020,Kazakhstan,35,8,27,2.4,17.5,2.4,0,0,0,,0,,,,0,0,35,2,2,0,0,0,0,0,0,0,0,94,0,0,0,1
3/19/2020,Kazakhstan,44,9,8,2.7,8.5,2.9,0,0,0,,0,,,,0,0,44,3,3,0,0,0,0,0,0,0,0,95,0,0,0,1
3/20/2020,Kazakhstan,49,5,9,6.2,7,4.4,0,0,0,,0,,0,0,0,0,49,4,4,0,0,0,0,0,0,0,0,96,0,0,0,1
3/21/2020,Kazakhstan,53,4,5,8.6,4.5,7.6,0,0,0,,0,,N/A,N/A,0,0,53,5,5,0,0,0,0,0,0,0,0,97,1,1,1,1
3/22/2020,Kazakhstan,57,4,4,9.3,4,9.3,0,0,0,,,,N/A,N/A,0,0,57,6,6,0,0,0,0,0,0,0,0,98,2,2,2,1
3/17/2020,Kenya,4,4,0,1.0,4,1.0,0,0,0,1.0,0,1.0,,,,,4,1,0,0,0,0,0,0,0,0,0,99,0,0,0,0
3/18/2020,Kenya,10,6,4,0.5,5,0.5,0,0,0,,0,,,,0,0,10,2,1,0,0,0,0,0,0,0,0,100,0,0,0,1
3/19/2020,Kenya,7,-3,6,-2.3,1.5,4.7,0,0,0,,0,,,,0,0,7,3,2,0,0,0,0,0,0,0,0,101,0,0,0,1
3/20/2020,Kenya,7,0,-3,,-1.5,-3.3,0,0,0,,0,,0,0,0,0,7,4,3,0,0,0,0,0,0,0,0,102,0,0,0,1
3/21/2020,Kenya,7,0,0,,0,,0,0,0,,0,,0,0,0,0,7,5,4,0,0,0,0,0,0,0,0,103,0,0,0,1
3/22/2020,Kenya,7,0,0,,0,,0,0,0,,,,0,0,0,0,7,6,5,0,0,0,0,0,0,0,0,104,0,0,0,1
3/17/2020,Kosovo,16,16,0,1.0,16,1.0,0,0,0,1.0,0,1.0,,,,,16,1,1,0,0,0,0,0,0,0,0,105,0,0,0,0
3/18/2020,Kosovo,19,3,16,3.7,9.5,3.7,0,0,0,,0,,,,0,0,19,2,2,0,0,0,0,0,0,0,0,106,0,0,0,1
3/19/2020,Kosovo,19,0,3,,1.5,8.9,0,0,0,,0,,,,0,0,19,3,3,0,0,0,0,0,0,0,0,107,0,0,0,1
3/20/2020,Kosovo,21,2,0,6.7,1,13.3,0,0,0,,0,,0,0,0,0,21,4,4,0,0,0,0,0,0,0,0,108,0,0,0,1
3/21/2020,Kosovo,24,3,2,4.9,2.5,5.9,0,0,0,,0,,N/A,N/A,0,0,24,5,5,0,0,0,0,0,0,0,0,109,1,1,1,1
3/22/2020,Kosovo,31,7,3,2.4,5,3.4,1,1,0,,0.5,,N/A,N/A,0,0,30,6,6,0,0,0,1,0,0,0,0,110,2,2,2,1
3/17/2020,Kuwait,123,123,0,1.0,123,1.0,0,0,0,1.0,0,1.0,12,,,,111,1,1,1,0,0,0,0,0,0,0,111,0,0,0,0
3/18/2020,Kuwait,130,7,123,11.1,65,11.1,0,0,0,,0,,15,,0,0,115,2,2,2,0,0,0,0,0,0,0,112,0,0,0,1
3/19/2020,Kuwait,148,18,7,4.5,12.5,6.4,0,0,0,,0,,18,,0,0,130,3,3,3,0,0,0,0,0,0,0,113,0,0,0,1
3/20/2020,Kuwait,159,11,18,8.3,14.5,6.3,0,0,0,,0,,22,5,5,2.5,137,4,4,4,0,0,0,0,0,0,0,114,1,0,0,1
3/21/2020,Kuwait,176,17,11,5.6,14,6.8,0,0,0,,0,,27,5,5,5,149,5,5,5,0,0,0,0,0,0,0,115,2,0,0,1
3/22/2020,Kuwait,188,12,17,8.7,14.5,7.2,0,0,0,,,,30,5,5,5,158,6,6,6,0,0,0,0,0,0,0,116,3,0,0,1
3/18/2020,Kyrgyzstan,3,3,0,1.0,3,1.0,0,0,0,1.0,0,1.0,,,,,3,1,0,0,0,0,0,0,0,0,0,117,0,0,0,0
3/19/2020,Kyrgyzstan,3,0,3,,1.5,,0,0,0,,0,,,,0,0,3,2,0,0,0,0,0,0,0,0,0,118,0,0,0,1
3/20/2020,Kyrgyzstan,3,0,0,,0,,0,0,0,,0,,0,0,0,0,3,3,0,0,0,0,0,0,0,0,0,119,0,0,0,1
3/21/2020,Kyrgyzstan,12,9,0,0.2,4.5,0.5,0,0,0,,0,,N/A,N/A,0,0,12,4,1,0,0,0,0,0,0,0,0,120,1,1,1,1
3/22/2020,Kyrgyzstan,12,0,9,0.9,4.5,1.9,0,0,0,,,,N/A,N/A,0,0,12,5,2,0,0,0,0,0,0,0,0,121,2,2,2,1
3/17/2020,Latvia,49,49,0,1.0,49,1.0,0,0,0,1.0,0,1.0,,,,,49,1,1,0,0,0,0,0,0,0,0,122,0,0,0,0
3/18/2020,Latvia,71,22,49,1.6,35.5,1.6,0,0,0,,0,,,,0,0,71,2,2,0,0,0,0,0,0,0,0,123,0,0,0,1
3/19/2020,Latvia,86,15,22,3.3,18.5,2.7,0,0,0,,0,,,,0,0,86,3,3,0,0,0,0,0,0,0,0,124,0,0,0,1
3/20/2020,Latvia,111,25,15,2.4,20,3.0,0,0,0,,0,,0,0,0,0,111,4,4,1,0,0,0,0,0,0,0,125,0,0,0,1
3/21/2020,Latvia,124,13,25,6.0,19,4.1,0,0,0,,0,,N/A,N/A,0,0,124,5,5,2,0,0,0,0,0,0,0,126,1,1,1,1
3/22/2020,Latvia,139,15,13,5.8,14,6.2,0,0,0,,,,N/A,N/A,0,0,139,6,6,3,0,0,0,0,0,0,0,127,2,2,2,1
3/17/2020,Lebanon,109,109,0,1.0,109,1.0,3,3,0,1.0,3,1.0,,2,2,2,106,1,1,1,0,0,1,0,0,0,0,1,0,0,0,0
3/18/2020,Lebanon,133,24,109,3.1,66.5,3.1,3,0,3,,1.5,,,2,2,2,130,2,2,2,0,0,2,0,0,0,0,2,0,0,0,1
3/19/2020,Lebanon,149,16,24,5.7,20,4.5,4,1,0,2.1,0.5,4.2,3,2,2,2,142,3,3,3,0,0,3,0,0,0,0,3,0,0,0,1
3/20/2020,Lebanon,163,14,16,7.1,15,6.6,4,0,1,,0.5,5.6,3,2,2,2,156,4,4,4,0,0,4,0,0,0,0,4,0,0,0,1
3/21/2020,Lebanon,187,24,14,4.5,19,5.7,4,0,0,,0,,3,2,2,2,180,5,5,5,0,0,5,0,0,0,0,5,0,0,0,1
3/22/2020,Lebanon,248,61,24,2.1,42.5,3.0,4,0,0,,,,3,2,2,2,241,6,6,6,0,0,6,0,0,0,0,6,0,0,0,1
3/17/2020,Liberia,2,2,0,1.0,2,1.0,0,0,0,1.0,0,1.0,,,,,2,1,0,0,0,0,0,0,0,0,0,7,0,0,0,0
3/18/2020,Liberia,2,0,2,,1,,0,0,0,,0,,,,0,0,2,2,0,0,0,0,0,0,0,0,0,8,0,0,0,1
3/19/2020,Liberia,2,0,0,,0,,0,0,0,,0,,,,0,0,2,3,0,0,0,0,0,0,0,0,0,9,0,0,0,1
3/20/2020,Liberia,2,0,0,,0,,0,0,0,,0,,0,0,0,0,2,4,0,0,0,0,0,0,0,0,0,10,0,0,0,1
3/21/2020,Liberia,3,1,0,1.4,0.5,2.8,0,0,0,,0,,N/A,N/A,0,0,3,5,0,0,0,0,0,0,0,0,0,11,1,1,1,1
3/22/2020,Liberia,3,0,1,2.1,0.5,4.2,0,0,0,,,,N/A,N/A,0,0,3,6,0,0,0,0,0,0,0,0,0,12,2,2,2,1
3/17/2020,Liechtenstein,7,7,0,1.0,7,1.0,0,0,0,1.0,0,1.0,,,,,7,1,1,0,0,0,0,0,0,0,0,13,0,0,0,0
3/18/2020,Liechtenstein,19,12,7,0.4,9.5,0.4,0,0,0,,0,,,,0,0,19,2,2,0,0,0,0,0,0,0,0,14,0,0,0,1
3/19/2020,Liechtenstein,28,9,12,1.5,10.5,1.3,0,0,0,,0,,,,0,0,28,3,3,0,0,0,0,0,0,0,0,15,0,0,0,1
3/20/2020,Liechtenstein,28,0,9,,4.5,4.4,0,0,0,,0,,0,0,0,0,28,4,4,0,0,0,0,0,0,0,0,16,0,0,0,1
3/21/2020,Liechtenstein,28,0,0,,0,,0,0,0,,0,,N/A,N/A,0,0,28,5,5,0,0,0,0,0,0,0,0,17,1,1,1,1
3/22/2020,Liechtenstein,44,16,0,1.2,8,2.5,0,0,0,,,,N/A,N/A,0,0,44,6,6,0,0,0,0,0,0,0,0,18,2,2,2,1
3/17/2020,Lithuania,18,18,0,1.0,18,1.0,0,0,0,1.0,0,1.0,1,,,,17,1,1,0,0,0,0,0,0,0,0,19,0,0,0,0
3/18/2020,Lithuania,26,8,18,1.5,13,1.5,0,0,0,,0,,1,,0,0,25,2,2,0,0,0,0,0,0,0,0,20,0,0,0,1
3/19/2020,Lithuania,34,8,8,2.2,8,2.2,0,0,0,,0,,1,,0,0,33,3,3,0,0,0,0,0,0,0,0,21,0,0,0,1
3/20/2020,Lithuania,48,14,8,1.7,11,2.1,0,0,0,,0,,1,0,0,0,47,4,4,0,0,0,0,0,0,0,0,22,0,0,0,1
3/21/2020,Lithuania,69,21,14,1.6,17.5,1.9,1,1,0,,0.5,,1,N/A,0,0,67,5,5,0,0,0,1,0,0,0,0,23,1,1,1,1
3/22/2020,Lithuania,105,36,21,1.3,28.5,1.6,1,0,1,0.7,,1.4,1,N/A,0,0,103,6,6,1,0,0,2,0,0,0,0,24,2,2,2,1
3/17/2020,Luxembourg,140,140,0,1.0,140,1.0,1,1,0,1.0,1,1.0,,,,,139,1,1,1,0,0,1,0,0,0,0,25,0,0,0,0
3/18/2020,Luxembourg,203,63,140,1.5,101.5,1.5,2,1,1,0.7,1,0.7,,,0,0,201,2,2,2,0,0,2,0,0,0,0,26,0,0,0,1
3/19/2020,Luxembourg,335,132,63,1.1,97.5,1.4,4,2,1,0.7,1.5,0.9,,,0,0,331,3,3,3,1,0,3,0,0,0,0,27,0,0,0,1
3/20/2020,Luxembourg,484,149,132,1.6,140.5,1.6,5,1,2,2.8,1.5,1.9,0,0,0,0,479,4,4,4,2,0,4,1,0,0,0,28,0,0,0,1
3/21/2020,Luxembourg,670,186,149,1.8,167.5,2.0,8,3,1,1.2,2,1.8,N/A,N/A,0,0,662,5,5,5,3,0,5,2,0,0,0,29,1,1,1,1
3/22/2020,Luxembourg,670,0,186,2.5,167.5,2.8,8,0,3,1.9,1.2,2.8,N/A,N/A,0,0,662,6,6,6,4,0,6,3,0,0,0,30,2,2,2,1
3/17/2020,Macau,12,12,0,1.0,12,1.0,0,0,0,1.0,0,1.0,10,,,,2,1,1,0,0,0,0,0,0,0,0,31,0,0,0,0
3/18/2020,Macau,14,2,12,0.7,7,0.7,0,0,0,,0,,10,,0,0,4,2,2,0,0,0,0,0,0,0,0,32,0,0,0,1
3/19/2020,Macau,17,3,2,0.9,2.5,1.1,0,0,0,,0,,10,,0,0,7,3,3,0,0,0,0,0,0,0,0,33,0,0,0,1
3/20/2020,Macau,17,0,3,,1.5,3.3,0,0,0,,0,,10,0,0,0,7,4,4,0,0,0,0,0,0,0,0,34,0,0,0,1
3/21/2020,Macau,17,0,0,,0,,0,0,0,,0,,10,N/A,0,0,7,5,5,0,0,0,0,0,0,0,0,35,1,1,1,1
3/22/2020,Macau,17,0,0,,0,,0,0,0,,,,10,N/A,0,0,7,6,6,0,0,0,0,0,0,0,0,36,2,2,2,1
3/17/2020,Malaysia,673,673,0,1.0,673,1.0,2,2,0,1.0,2,1.0,49,,,,622,1,1,1,1,0,1,0,0,0,0,37,0,0,0,0
3/18/2020,Malaysia,790,117,673,3.7,395,3.7,2,0,2,,1,,60,,0,0,728,2,2,2,2,0,2,0,0,0,0,38,0,0,0,1
3/19/2020,Malaysia,900,110,117,4.6,113.5,4.5,2,0,0,,0,,75,,0,0,823,3,3,3,3,0,3,0,0,0,0,39,0,0,0,1
3/20/2020,Malaysia,900,0,110,,55,10.5,2,0,0,,0,,75,15,15,7.5,823,4,4,4,4,0,4,0,0,0,0,40,1,0,0,1
3/21/2020,Malaysia,1183,283,0,2.0,141.5,4.1,8,6,0,0.2,3,0.5,114,37,37,26,1061,5,5,5,5,1,5,1,0,0,0,41,2,0,0,1
3/22/2020,Malaysia,1183,0,283,2.6,141.5,5.2,9,1,6,5.6,3.5,1.6,114,37,37,37,1060,6,6,6,6,2,6,2,0,0,0,42,3,0,0,1
3/17/2020,Maldives,13,13,0,1.0,13,1.0,0,0,0,1.0,0,1.0,,,,,13,1,1,0,0,0,0,0,0,0,0,43,0,0,0,0
3/18/2020,Maldives,13,0,13,,6.5,,0,0,0,,0,,,,0,0,13,2,2,0,0,0,0,0,0,0,0,44,0,0,0,1
3/19/2020,Maldives,13,0,0,,0,,0,0,0,,0,,,,0,0,13,3,3,0,0,0,0,0,0,0,0,45,0,0,0,1
3/20/2020,Maldives,13,0,0,,0,,0,0,0,,0,,0,0,0,0,13,4,4,0,0,0,0,0,0,0,0,46,0,0,0,1
3/21/2020,Maldives,13,0,0,,0,,0,0,0,,0,,2,N/A,0,0,11,5,5,0,0,0,0,0,0,0,0,47,1,1,1,1
3/22/2020,Maldives,13,0,0,,0,,0,0,0,,,,2,N/A,0,0,11,6,6,0,0,0,0,0,0,0,0,48,2,2,2,1
3/17/2020,Malta,30,30,0,1.0,30,1.0,0,0,0,1.0,0,1.0,2,,,,28,1,1,0,0,0,0,0,0,0,0,49,0,0,0,0
3/18/2020,Malta,38,8,30,2.5,19,2.5,0,0,0,,0,,2,,0,0,36,2,2,0,0,0,0,0,0,0,0,50,0,0,0,1
3/19/2020,Malta,48,10,8,2.5,9,2.8,0,0,0,,0,,2,,0,0,46,3,3,0,0,0,0,0,0,0,0,51,0,0,0,1
3/20/2020,Malta,64,16,10,2.0,13,2.5,0,0,0,,0,,2,0,0,0,62,4,4,0,0,0,0,0,0,0,0,52,0,0,0,1
3/21/2020,Malta,73,9,16,4.8,12.5,3.5,0,0,0,,0,,2,1,1,0.5,71,5,5,0,0,0,0,0,0,0,0,53,0,0,0,1
3/22/2020,Malta,73,0,9,5.5,12.5,4.0,0,0,0,,,,2,1,1,1,71,6,6,0,0,0,0,0,0,0,0,54,0,0,0,1
3/17/2020,Mauritania,1,1,0,1.0,1,1.0,0,0,0,1.0,0,1.0,,,,,1,1,0,0,0,0,0,0,0,0,0,55,0,0,0,0
3/18/2020,Mauritania,1,0,1,,0.5,,0,0,0,,0,,,,0,0,1,2,0,0,0,0,0,0,0,0,0,56,0,0,0,1
3/19/2020,Mauritania,2,1,0,0.7,0.5,1.4,0,0,0,,0,,,,0,0,2,3,0,0,0,0,0,0,0,0,0,57,0,0,0,1
3/20/2020,Mauritania,2,0,1,,0.5,2.8,0,0,0,,0,,0,0,0,0,2,4,0,0,0,0,0,0,0,0,0,58,0,0,0,1
3/21/2020,Mauritania,2,0,0,,0,,0,0,0,,0,,N/A,N/A,0,0,2,5,0,0,0,0,0,0,0,0,0,59,1,1,1,1
3/22/2020,Mauritania,2,0,0,,0,,0,0,0,,,,N/A,N/A,0,0,2,6,0,0,0,0,0,0,0,0,0,60,2,2,2,1
3/19/2020,Mauritius,3,3,0,1.0,3,1.0,0,0,0,1.0,0,1.0,,,,,3,1,0,0,0,0,0,0,0,0,0,61,0,0,0,0
3/20/2020,Mauritius,7,4,3,0.5,3.5,0.5,0,0,0,,0,,0,0,0,0,7,2,1,0,0,0,0,0,0,0,0,62,0,0,0,1
3/21/2020,Mauritius,14,7,4,0.7,5.5,0.9,1,1,0,,0.5,,N/A,N/A,0,0,13,3,2,0,0,0,1,0,0,0,0,63,1,1,1,1
3/22/2020,Mauritius,14,0,7,1.3,5.5,1.7,1,0,1,0.7,,1.4,N/A,N/A,0,0,13,4,3,0,0,0,2,0,0,0,0,64,2,2,2,1
3/17/2020,Mexico,82,82,0,1.0,82,1.0,0,0,0,1.0,0,1.0,3,1,1,1,79,1,1,0,0,0,0,0,0,0,0,1,0,0,0,0
3/18/2020,Mexico,118,36,82,1.5,59,1.5,0,0,0,,0,,3,1,1,1,115,2,2,1,0,0,0,0,0,0,0,2,0,0,0,1
3/19/2020,Mexico,164,46,36,1.8,41,2.0,1,1,0,,0.5,,3,,0,0.5,160,3,3,2,0,0,1,0,0,0,0,3,0,0,0,1
3/20/2020,Mexico,164,0,46,,23,4.9,1,0,1,,0.5,1.4,3,3,3,1.5,160,4,4,3,0,0,2,0,0,0,0,4,0,0,0,1
3/21/2020,Mexico,251,87,0,1.3,43.5,2.6,2,1,0,0.7,0.5,1.4,35,5,5,4,214,5,5,4,1,0,3,0,0,0,0,5,1,0,0,1
3/22/2020,Mexico,251,0,87,1.7,43.5,3.4,2,0,1,1.4,0.7,2.8,35,5,5,5,214,6,6,5,2,0,4,0,0,0,0,6,2,0,0,1
3/17/2020,Moldova,30,30,0,1.0,30,1.0,0,0,0,1.0,0,1.0,1,1,1,1,29,1,1,0,0,0,0,0,0,0,0,1,0,0,0,0
3/18/2020,Moldova,30,0,30,,15,,1,1,0,,0.5,,1,1,1,1,28,2,2,0,0,0,1,0,0,0,0,2,0,0,0,1
3/19/2020,Moldova,36,6,0,3.3,3,6.5,1,0,1,,0.5,1.4,1,1,1,1,34,3,3,0,0,0,2,0,0,0,0,3,0,0,0,1
3/20/2020,Moldova,49,13,6,1.8,9.5,2.5,1,0,0,,0,,1,1,1,1,47,4,4,0,0,0,3,0,0,0,0,4,0,0,0,1
3/21/2020,Moldova,66,17,13,1.9,15,2.2,1,0,0,,0,,1,1,1,1,64,5,5,0,0,0,4,0,0,0,0,5,0,0,0,1
3/22/2020,Moldova,94,28,17,1.6,22.5,2.0,1,0,0,,,,2,N/A,0,0.5,91,6,6,0,0,0,5,0,0,0,0,6,1,1,1,1
3/17/2020,Monaco,9,9,0,1.0,9,1.0,0,0,0,1.0,0,1.0,,,,,9,1,1,0,0,0,0,0,0,0,0,7,0,0,0,0
3/18/2020,Monaco,9,0,9,,4.5,,0,0,0,,0,,,,0,0,9,2,2,0,0,0,0,0,0,0,0,8,0,0,0,1
3/19/2020,Monaco,10,1,0,6.3,0.5,12.6,0,0,0,,0,,,,0,0,10,3,3,0,0,0,0,0,0,0,0,9,0,0,0,1
3/20/2020,Monaco,11,1,1,7.0,1,7.0,0,0,0,,0,,1,0,0,0,10,4,4,0,0,0,0,0,0,0,0,10,0,0,0,1
3/21/2020,Monaco,12,1,1,7.0,1,7.0,0,0,0,,0,,1,N/A,0,0,11,5,5,0,0,0,0,0,0,0,0,11,1,1,1,1
3/22/2020,Monaco,12,0,1,7.7,1,7.7,0,0,0,,,,1,N/A,0,0,11,6,6,0,0,0,0,0,0,0,0,12,2,2,2,1
3/19/2020,Mongolia,6,6,0,1.0,6,1.0,0,0,0,1.0,0,1.0,,,,,6,1,1,0,0,0,0,0,0,0,0,13,0,0,0,0
3/20/2020,Mongolia,6,0,6,,3,,0,0,0,,0,,0,0,0,0,6,2,2,0,0,0,0,0,0,0,0,14,0,0,0,1
3/21/2020,Mongolia,10,4,0,1.1,2,2.1,0,0,0,,0,,N/A,N/A,0,0,10,3,3,0,0,0,0,0,0,0,0,15,1,1,1,1
3/22/2020,Mongolia,10,0,4,1.8,2,3.5,0,0,0,,,,N/A,N/A,0,0,10,4,4,0,0,0,0,0,0,0,0,16,2,2,2,1
3/17/2020,Montenegro,1,1,0,1.0,1,1.0,0,0,0,1.0,0,1.0,,,,,1,1,0,0,0,0,0,0,0,0,0,17,0,0,0,0
3/18/2020,Montenegro,2,1,1,0.7,1,0.7,0,0,0,,0,,,,0,0,2,2,0,0,0,0,0,0,0,0,0,18,0,0,0,1
3/19/2020,Montenegro,8,6,1,0.2,3.5,0.4,0,0,0,,0,,,,0,0,8,3,1,0,0,0,0,0,0,0,0,19,0,0,0,1
3/20/2020,Montenegro,13,5,6,1.1,5.5,1.0,0,0,0,,0,,0,0,0,0,13,4,2,0,0,0,0,0,0,0,0,20,0,0,0,1
3/21/2020,Montenegro,14,1,5,9.1,3,3.0,0,0,0,,0,,N/A,N/A,0,0,14,5,3,0,0,0,0,0,0,0,0,21,1,1,1,1
3/22/2020,Montenegro,14,0,1,9.8,3,3.3,0,0,0,,,,N/A,N/A,0,0,14,6,4,0,0,0,0,0,0,0,0,22,2,2,2,1
3/18/2020,Montserrat,1,1,0,1.0,1,1.0,0,0,0,1.0,0,1.0,,,,,1,1,0,0,0,0,0,0,0,0,0,23,0,0,0,0
3/19/2020,Montserrat,1,0,1,,0.5,,0,0,0,,0,,,,0,0,1,2,0,0,0,0,0,0,0,0,0,24,0,0,0,1
3/20/2020,Montserrat,1,0,0,,0,,0,0,0,,0,,0,0,0,0,1,3,0,0,0,0,0,0,0,0,0,25,0,0,0,1
3/21/2020,Montserrat,1,0,0,,0,,0,0,0,,0,,N/A,N/A,0,0,1,4,0,0,0,0,0,0,0,0,0,26,1,1,1,1
3/22/2020,Montserrat,1,0,0,,0,,0,0,0,,,,N/A,N/A,0,0,1,5,0,0,0,0,0,0,0,0,0,27,2,2,2,1
3/17/2020,Morocco,37,37,0,1.0,37,1.0,1,1,0,1.0,1,1.0,,,,,36,1,1,0,0,0,1,0,0,0,0,28,0,0,0,0
3/18/2020,Morocco,49,12,37,2.1,24.5,2.1,2,1,1,0.7,1,0.7,,,0,0,47,2,2,0,0,0,2,0,0,0,0,29,0,0,0,1
3/19/2020,Morocco,58,9,12,3.7,10.5,3.1,2,0,1,,0.5,2.8,1,,0,0,55,3,3,0,0,0,3,0,0,0,0,30,0,0,0,1
3/20/2020,Morocco,77,19,9,2.0,14,2.8,3,1,0,1.4,0.5,2.8,2,0,0,0,72,4,4,0,0,0,4,0,0,0,0,31,0,0,0,1
3/21/2020,Morocco,96,19,19,2.7,19,2.7,3,0,1,,0.5,4.2,3,N/A,0,0,90,5,5,0,0,0,5,0,0,0,0,32,1,1,1,1
3/22/2020,Morocco,96,0,19,3.3,19,3.3,3,0,0,,,4.2,3,N/A,0,0,90,6,6,0,0,0,6,0,0,0,0,33,2,2,2,1
3/17/2020,Namibia,2,2,0,1.0,2,1.0,0,0,0,1.0,0,1.0,,,,,2,1,0,0,0,0,0,0,0,0,0,34,0,0,0,0
3/18/2020,Namibia,2,0,2,,1,,0,0,0,,0,,,,0,0,2,2,0,0,0,0,0,0,0,0,0,35,0,0,0,1
3/19/2020,Namibia,2,0,0,,0,,0,0,0,,0,,,,0,0,2,3,0,0,0,0,0,0,0,0,0,36,0,0,0,1
3/20/2020,Namibia,3,1,0,1.4,0.5,2.8,0,0,0,,0,,0,0,0,0,3,4,0,0,0,0,0,0,0,0,0,37,0,0,0,1
3/21/2020,Namibia,3,0,1,,0.5,4.2,0,0,0,,0,,N/A,N/A,0,0,3,5,0,0,0,0,0,0,0,0,0,38,1,1,1,1
3/22/2020,Namibia,3,0,0,,0.5,4.2,0,0,0,,,,N/A,N/A,0,0,3,6,0,0,0,0,0,0,0,0,0,39,2,2,2,1
3/17/2020,Nepal,1,1,0,1.0,1,1.0,0,0,0,1.0,0,1.0,1,,,,0,1,0,0,0,0,0,0,0,0,0,40,0,0,0,0
3/18/2020,Nepal,1,0,1,,0.5,,0,0,0,,0,,1,,0,0,0,2,0,0,0,0,0,0,0,0,0,41,0,0,0,1
3/19/2020,Nepal,1,0,0,,0,,0,0,0,,0,,1,,0,0,0,3,0,0,0,0,0,0,0,0,0,42,0,0,0,1
3/20/2020,Nepal,1,0,0,,0,,0,0,0,,0,,1,0,0,0,0,4,0,0,0,0,0,0,0,0,0,43,0,0,0,1
3/21/2020,Nepal,1,0,0,,0,,0,0,0,,0,,1,N/A,0,0,0,5,0,0,0,0,0,0,0,0,0,44,1,1,1,1
3/22/2020,Nepal,1,0,0,,0,,0,0,0,,,,1,N/A,0,0,0,6,0,0,0,0,0,0,0,0,0,45,2,2,2,1
3/17/2020,Netherlands,1705,1705,0,1.0,1705,1.0,43,43,0,1.0,43,1.0,2,45,45,45,1660,1,1,1,1,1,1,1,0,0,0,1,1,0,0,0
3/18/2020,Netherlands,2051,346,1705,3.4,1025.5,3.4,58,15,43,2.0,29,2.0,2,45,45,45,1991,2,2,2,2,2,2,2,0,0,0,2,2,0,0,1
3/19/2020,Netherlands,2460,409,346,3.4,377.5,3.7,76,18,15,2.3,16.5,2.5,2,177,177,111,2382,3,3,3,3,3,3,3,0,0,0,3,3,1,0,1
3/20/2020,Netherlands,2994,534,409,3.1,471.5,3.5,106,30,18,1.8,24,2.2,2,177,177,177,2886,4,4,4,4,4,4,4,1,0,0,4,4,2,0,1
3/21/2020,Netherlands,3631,637,534,3.2,585.5,3.5,136,30,30,2.5,30,2.5,2,177,177,177,3493,5,5,5,5,5,5,5,2,0,0,5,5,3,0,1
3/22/2020,Netherlands,4204,573,637,4.3,605,4.0,179,43,30,2.2,36.5,2.6,2,177,177,177,4023,6,6,6,6,6,6,6,3,0,0,6,6,4,0,1
3/20/2020,New Caledonia,2,2,0,1.0,2,1.0,0,0,0,1.0,0,1.0,0,0,0,0,2,1,0,0,0,0,0,0,0,0,0,0,0,0,0,0
3/21/2020,New Caledonia,4,2,2,0.7,2,0.7,0,0,0,,0,,N/A,N/A,0,0,4,2,0,0,0,0,0,0,0,0,0,1,1,1,1,1
3/22/2020,New Caledonia,4,0,2,1.4,2,1.4,0,0,0,,,,N/A,N/A,0,0,4,3,0,0,0,0,0,0,0,0,0,2,2,2,2,1
3/17/2020,New Zealand,11,11,0,1.0,11,1.0,0,0,0,1.0,0,1.0,,,,,11,1,1,0,0,0,0,0,0,0,0,3,0,0,0,0
3/18/2020,New Zealand,28,17,11,0.5,14,0.5,0,0,0,,0,,,,0,0,28,2,2,0,0,0,0,0,0,0,0,4,0,0,0,1
3/19/2020,New Zealand,39,11,17,1.8,14,1.4,0,0,0,,0,,,,0,0,39,3,3,0,0,0,0,0,0,0,0,5,0,0,0,1
3/20/2020,New Zealand,53,14,11,2.0,12.5,2.2,0,0,0,,0,,0,0,0,0,53,4,4,0,0,0,0,0,0,0,0,6,0,0,0,1
3/21/2020,New Zealand,67,14,14,2.6,14,2.6,0,0,0,,0,,N/A,N/A,0,0,67,5,5,0,0,0,0,0,0,0,0,7,1,1,1,1
3/22/2020,New Zealand,67,0,14,3.4,14,3.4,0,0,0,,,,N/A,N/A,0,0,67,6,6,0,0,0,0,0,0,0,0,8,2,2,2,1
3/18/2020,Nicaragua,1,1,0,1.0,1,1.0,0,0,0,1.0,0,1.0,,,,,1,1,0,0,0,0,0,0,0,0,0,9,0,0,0,0
3/19/2020,Nicaragua,1,0,1,,0.5,,0,0,0,,0,,,,0,0,1,2,0,0,0,0,0,0,0,0,0,10,0,0,0,1
3/20/2020,Nicaragua,1,0,0,,0,,0,0,0,,0,,0,0,0,0,1,3,0,0,0,0,0,0,0,0,0,11,0,0,0,1
3/21/2020,Nicaragua,2,1,0,0.7,0.5,1.4,0,0,0,,0,,N/A,N/A,0,0,2,4,0,0,0,0,0,0,0,0,0,12,1,1,1,1
3/22/2020,Nicaragua,2,0,1,1.4,0.5,2.8,0,0,0,,,,N/A,N/A,0,0,2,5,0,0,0,0,0,0,0,0,0,13,2,2,2,1
3/20/2020,Niger,1,1,0,1.0,1,1.0,0,0,0,1.0,0,1.0,0,0,0,0,1,1,0,0,0,0,0,0,0,0,0,0,0,0,0,0
3/21/2020,Niger,1,0,1,,0.5,,0,0,0,,0,,N/A,N/A,0,0,1,2,0,0,0,0,0,0,0,0,0,1,1,1,1,1
3/22/2020,Niger,1,0,0,,0.5,1.4,0,0,0,,,,N/A,N/A,0,0,1,3,0,0,0,0,0,0,0,0,0,2,2,2,2,1
3/17/2020,Nigeria,3,3,0,1.0,3,1.0,0,0,0,1.0,0,1.0,0,0,0,0,3,1,0,0,0,0,0,0,0,0,0,0,0,0,0,0
3/18/2020,Nigeria,3,0,3,,1.5,,0,0,0,,0,,0,0,0,0,3,2,0,0,0,0,0,0,0,0,0,0,0,0,0,1
3/19/2020,Nigeria,8,5,0,0.4,2.5,0.8,0,0,0,,0,,0,,0,0,8,3,1,0,0,0,0,0,0,0,0,1,0,0,0,1
3/20/2020,Nigeria,12,4,5,1.4,4.5,1.2,0,0,0,,0,,0,0,0,0,12,4,2,0,0,0,0,0,0,0,0,2,0,0,0,1
3/21/2020,Nigeria,12,0,4,,2,4.2,0,0,0,,0,,1,N/A,0,0,11,5,3,0,0,0,0,0,0,0,0,3,1,1,1,1
3/22/2020,Nigeria,27,15,0,0.5,7.5,1.0,0,0,0,,,,3,N/A,0,0,24,6,4,0,0,0,0,0,0,0,0,4,2,2,2,1
3/17/2020,North Macedonia,24,24,0,1.0,24,1.0,0,0,0,1.0,0,1.0,1,0,0,0,23,1,1,0,0,0,0,0,0,0,0,0,0,0,0,0
3/18/2020,North Macedonia,31,7,24,2.3,15.5,2.3,0,0,0,,0,,1,0,0,0,30,2,2,0,0,0,0,0,0,0,0,0,0,0,0,1
3/19/2020,North Macedonia,42,11,7,1.9,9,2.3,0,0,0,,0,,1,0,0,0,41,3,3,0,0,0,0,0,0,0,0,0,0,0,0,1
3/20/2020,North Macedonia,67,25,11,1.1,18,1.6,0,0,0,,0,,1,0,0,0,66,4,4,0,0,0,0,0,0,0,0,0,0,0,0,1
3/21/2020,North Macedonia,76,9,25,5.1,17,2.7,0,0,0,,0,,1,0,0,0,75,5,5,0,0,0,0,0,0,0,0,0,0,0,0,1
3/22/2020,North Macedonia,76,0,9,5.8,17,3.1,0,0,0,,,,1,0,0,0,75,6,6,0,0,0,0,0,0,0,0,0,0,0,0,1
3/17/2020,Northern Cyprus,7,7,0,1.0,7,1.0,0,0,0,1.0,0,1.0,,,,,7,1,1,0,0,0,0,0,0,0,0,1,0,0,0,0
3/18/2020,Northern Cyprus,20,13,7,0.4,10,0.4,0,0,0,,0,,,,0,0,20,2,2,0,0,0,0,0,0,0,0,2,0,0,0,1
3/19/2020,Northern Cyprus,20,0,13,,6.5,2.2,0,0,0,,0,,,,0,0,20,3,3,0,0,0,0,0,0,0,0,3,0,0,0,1
3/20/2020,Northern Cyprus,33,13,0,1.1,6.5,2.2,0,0,0,,0,,0,0,0,0,33,4,4,0,0,0,0,0,0,0,0,4,0,0,0,1
3/21/2020,Northern Cyprus,34,1,13,23.1,7,3.3,0,0,0,,0,,3,N/A,0,0,31,5,5,0,0,0,0,0,0,0,0,5,1,1,1,1
3/22/2020,Northern Cyprus,34,0,1,21.7,7,3.1,0,0,0,,,,3,N/A,0,0,31,6,6,0,0,0,0,0,0,0,0,6,2,2,2,1
3/17/2020,Norway,1444,1444,0,1.0,1444,1.0,3,3,0,1.0,3,1.0,,,,,1441,1,1,1,1,1,1,0,0,0,0,7,0,0,0,0
3/18/2020,Norway,1479,35,1444,28.8,739.5,28.8,4,1,3,2.1,2,2.1,,,0,0,1475,2,2,2,2,2,2,0,0,0,0,8,0,0,0,1
3/19/2020,Norway,1775,296,35,3.5,165.5,6.2,7,3,1,0.9,2,1.4,,,0,0,1768,3,3,3,3,3,3,1,0,0,0,9,0,0,0,1
3/20/2020,Norway,1781,6,296,206.3,151,8.2,7,0,3,,1.5,3.3,0,0,0,0,1774,4,4,4,4,4,4,2,0,0,0,10,0,0,0,1
3/21/2020,Norway,2164,383,6,3.2,194.5,6.4,7,0,0,,0,,N/A,26,26,13,2157,5,5,5,5,5,5,3,0,0,0,11,1,0,0,1
3/22/2020,Norway,2164,0,383,3.9,194.5,7.8,7,0,0,,,,N/A,26,26,26,2157,6,6,6,6,6,6,4,0,0,0,12,2,0,0,1
3/17/2020,Oman,24,24,0,1.0,24,1.0,0,0,0,1.0,0,1.0,12,0,0,0,12,1,1,0,0,0,0,0,0,0,0,0,0,0,0,0
3/18/2020,Oman,33,9,24,0.9,16.5,0.9,0,0,0,,0,,12,0,0,0,21,2,2,0,0,0,0,0,0,0,0,0,0,0,0,1
3/19/2020,Oman,39,6,9,2.5,7.5,2.0,0,0,0,,0,,13,0,0,0,26,3,3,0,0,0,0,0,0,0,0,0,0,0,0,1
3/20/2020,Oman,48,9,6,2.0,7.5,2.4,0,0,0,,0,,13,0,0,0,35,4,4,0,0,0,0,0,0,0,0,0,0,0,0,1
3/21/2020,Oman,52,4,9,6.1,6.5,3.8,0,0,0,,0,,13,0,0,0,39,5,5,0,0,0,0,0,0,0,0,0,0,0,0,1
3/22/2020,Oman,55,3,4,9.1,3.5,7.8,0,0,0,,,,17,0,0,0,38,6,6,0,0,0,0,0,0,0,0,0,0,0,0,1
3/17/2020,Pakistan,212,212,0,1.0,212,1.0,0,0,0,1.0,0,1.0,4,,,,208,1,1,1,0,0,0,0,0,0,0,1,0,0,0,0
3/18/2020,Pakistan,301,89,212,1.6,150.5,1.6,2,2,0,,1,,4,,0,0,295,2,2,2,1,0,1,0,0,0,0,2,0,0,0,1
3/19/2020,Pakistan,377,76,89,2.7,82.5,2.5,2,0,2,,1,1.4,5,,0,0,370,3,3,3,2,0,2,0,0,0,0,3,0,0,0,1
3/20/2020,Pakistan,461,84,76,3.1,80,3.2,3,1,0,1.4,0.5,2.8,5,0,0,0,453,4,4,4,3,0,3,0,0,0,0,4,0,0,0,1
3/21/2020,Pakistan,645,184,84,1.7,134,2.4,3,0,1,,0.5,4.2,5,N/A,0,0,637,5,5,5,4,0,4,0,0,0,0,5,1,1,1,1
3/22/2020,Pakistan,645,0,184,2.4,134,3.3,3,0,0,,,4.2,5,N/A,0,0,637,6,6,6,5,0,5,0,0,0,0,6,2,2,2,1
3/17/2020,Palestine,39,39,0,1.0,39,1.0,0,0,0,1.0,0,1.0,0,0,0,0,39,1,1,0,0,0,0,0,0,0,0,0,0,0,0,0
3/18/2020,Palestine,44,5,39,5.5,22,5.5,0,0,0,,0,,0,0,0,0,44,2,2,0,0,0,0,0,0,0,0,0,0,0,0,1
3/19/2020,Palestine,47,3,5,10.3,4,7.7,0,0,0,,0,,0,0,0,0,47,3,3,0,0,0,0,0,0,0,0,0,0,0,0,1
3/20/2020,Palestine,48,1,3,32.9,2,16.4,0,0,0,,0,,17,0,0,0,31,4,4,0,0,0,0,0,0,0,0,0,0,0,0,1
3/21/2020,Palestine,53,5,1,4.3,3,7.2,0,0,0,,0,,17,0,0,0,36,5,5,0,0,0,0,0,0,0,0,0,0,0,0,1
3/22/2020,Palestine,53,0,5,5.0,3,8.4,0,0,0,,,,17,0,0,0,36,6,6,0,0,0,0,0,0,0,0,0,0,0,0,1
3/17/2020,Panama,69,69,0,1.0,69,1.0,1,1,0,1.0,1,1.0,,,,,68,1,1,0,0,0,1,0,0,0,0,1,0,0,0,0
3/18/2020,Panama,86,17,69,2.8,43,2.8,1,0,1,,0.5,,,,0,0,85,2,2,0,0,0,2,0,0,0,0,2,0,0,0,1
3/19/2020,Panama,137,51,17,1.2,34,1.8,1,0,0,,0,,0,,0,0,136,3,3,1,0,0,3,0,0,0,0,3,0,0,0,1
3/20/2020,Panama,137,0,51,,25.5,3.7,1,0,0,,0,,0,8,8,4,136,4,4,2,0,0,4,0,0,0,0,4,1,0,0,1
3/21/2020,Panama,200,63,0,1.5,31.5,3.0,1,0,0,,0,,0,8,8,8,199,5,5,3,0,0,5,0,0,0,0,5,2,0,0,1
3/22/2020,Panama,245,45,63,3.1,54,2.6,3,2,0,0.3,1,0.7,0,12,12,10,242,6,6,4,0,0,6,0,0,0,0,6,3,0,0,1
3/17/2020,Paraguay,9,9,0,1.0,9,1.0,0,0,0,1.0,0,1.0,,,,,9,1,1,0,0,0,0,0,0,0,0,7,0,0,0,0
3/18/2020,Paraguay,11,2,9,3.1,5.5,3.1,0,0,0,,0,,,,0,0,11,2,2,0,0,0,0,0,0,0,0,8,0,0,0,1
3/19/2020,Paraguay,11,0,2,,1,7.7,0,0,0,,0,,,,0,0,11,3,3,0,0,0,0,0,0,0,0,9,0,0,0,1
3/20/2020,Paraguay,13,2,0,3.8,1,7.7,0,0,0,,0,,0,1,1,0.5,13,4,4,0,0,0,0,0,0,0,0,10,0,0,0,1
3/21/2020,Paraguay,18,5,2,1.8,3.5,2.6,1,1,0,,0.5,,N/A,N/A,0,0.5,17,5,5,0,0,0,1,0,0,0,0,11,1,1,1,1
3/22/2020,Paraguay,22,4,5,3.0,4.5,2.6,1,0,1,0.7,,1.4,N/A,N/A,0,0,21,6,6,0,0,0,2,0,0,0,0,12,2,2,2,1
3/17/2020,Peru,117,117,0,1.0,117,1.0,0,0,0,1.0,0,1.0,1,,,,116,1,1,1,0,0,0,0,0,0,0,13,0,0,0,0
3/18/2020,Peru,117,0,117,,58.5,,0,0,0,,0,,1,,0,0,116,2,2,2,0,0,0,0,0,0,0,14,0,0,0,1
3/19/2020,Peru,145,28,0,2.9,14,5.8,0,0,0,,0,,1,,0,0,144,3,3,3,0,0,0,0,0,0,0,15,0,0,0,1
3/20/2020,Peru,234,89,28,1.1,58.5,1.7,3,3,0,,1.5,,2,16,16,8,229,4,4,4,0,0,1,0,0,0,0,16,1,0,0,1
3/21/2020,Peru,263,29,89,5.5,59,2.7,3,0,3,,1.5,1.4,2,16,16,16,258,5,5,5,1,0,2,0,0,0,0,17,2,0,0,1
3/22/2020,Peru,318,55,29,3.3,42,4.3,5,2,0,1.1,1,2.1,2,16,16,16,311,6,6,6,2,0,3,1,0,0,0,18,3,0,0,1
3/17/2020,Philippines,187,187,0,1.0,187,1.0,14,14,0,1.0,14,1.0,4,,,,169,1,1,1,0,0,1,1,0,0,0,19,0,0,0,0
3/18/2020,Philippines,193,6,187,19.7,96.5,19.7,14,0,14,,7,,4,,0,0,175,2,2,2,0,0,2,2,0,0,0,20,0,0,0,1
3/19/2020,Philippines,217,24,6,5.1,15,8.2,17,3,0,3.3,1.5,6.5,8,,0,0,192,3,3,3,0,0,3,3,0,0,0,21,0,0,0,1
3/20/2020,Philippines,230,13,24,10.3,18.5,7.3,18,1,3,11.9,2,6.0,8,1,1,0.5,204,4,4,4,0,0,4,4,0,0,0,22,0,0,0,1
3/21/2020,Philippines,307,77,13,1.9,45,3.2,19,1,1,12.6,1,12.6,8,1,1,1,280,5,5,5,1,0,5,5,0,0,0,23,0,0,0,1
3/22/2020,Philippines,380,73,77,2.7,75,2.6,25,6,1,2.2,3.5,3.8,17,1,1,1,338,6,6,6,2,0,6,6,0,0,0,24,0,0,0,1
3/17/2020,Poland,221,221,0,1.0,221,1.0,5,5,0,1.0,5,1.0,0,0,0,0,216,1,1,1,0,0,1,1,0,0,0,0,0,0,0,0
3/18/2020,Poland,287,66,221,2.3,143.5,2.3,5,0,5,,2.5,,0,0,0,0,282,2,2,2,1,0,2,2,0,0,0,0,0,0,0,1
3/19/2020,Poland,355,68,66,2.9,67,2.9,5,0,0,,0,,0,0,0,0,350,3,3,3,2,0,3,3,0,0,0,0,0,0,0,1
3/20/2020,Poland,425,70,68,3.5,69,3.6,5,0,0,,0,,0,2,2,1,420,4,4,4,3,0,4,4,0,0,0,1,0,0,0,1
3/21/2020,Poland,536,111,70,2.6,90.5,3.2,5,0,0,,0,,0,2,2,2,531,5,5,5,4,0,5,5,0,0,0,2,0,0,0,1
3/22/2020,Poland,536,0,111,3.3,90.5,4.1,5,0,0,,,,0,2,2,2,531,6,6,6,5,0,6,6,0,0,0,3,0,0,0,1
3/17/2020,Portugal,448,448,0,1.0,448,1.0,1,1,0,1.0,1,1.0,3,,,,444,1,1,1,1,0,1,0,0,0,0,4,0,0,0,0
3/18/2020,Portugal,448,0,448,,224,,1,0,1,,0.5,,3,,0,0,444,2,2,2,2,0,2,0,0,0,0,5,0,0,0,1
3/19/2020,Portugal,785,337,0,0.9,168.5,1.8,3,2,0,0.3,1,0.7,3,,0,0,779,3,3,3,3,0,3,0,0,0,0,6,0,0,0,1
3/20/2020,Portugal,1020,235,337,2.3,286,1.9,6,3,2,0.7,2.5,0.8,5,26,26,13,1009,4,4,4,4,1,4,1,0,0,0,7,1,0,0,1
3/21/2020,Portugal,1280,260,235,2.7,247.5,2.9,12,6,3,0.7,4.5,0.9,5,26,26,26,1263,5,5,5,5,2,5,2,0,0,0,8,2,0,0,1
3/22/2020,Portugal,1280,0,260,3.4,247.5,3.6,12,0,6,1.4,0.7,1.9,5,26,26,26,1263,6,6,6,6,3,6,3,0,0,0,9,3,0,0,1
3/17/2020,Qatar,442,442,0,1.0,442,1.0,0,0,0,1.0,0,1.0,4,,,,438,1,1,1,1,0,0,0,0,0,0,10,0,0,0,0
3/18/2020,Qatar,442,0,442,,221,,0,0,0,,0,,4,,0,0,438,2,2,2,2,0,0,0,0,0,0,11,0,0,0,1
3/19/2020,Qatar,452,10,0,30.7,5,61.3,0,0,0,,0,,4,,0,0,448,3,3,3,3,0,0,0,0,0,0,12,0,0,0,1
3/20/2020,Qatar,470,18,10,17.4,14,22.4,0,0,0,,0,,10,0,0,0,460,4,4,4,4,0,0,0,0,0,0,13,0,0,0,1
3/21/2020,Qatar,481,11,18,29.3,14.5,22.2,0,0,0,,0,,27,N/A,0,0,454,5,5,5,5,0,0,0,0,0,0,14,1,1,1,1
3/22/2020,Qatar,481,0,11,28.9,14.5,21.9,0,0,0,,,,27,N/A,0,0,454,6,6,6,6,0,0,0,0,0,0,15,2,2,2,1
3/17/2020,Romania,217,217,0,1.0,217,1.0,0,0,0,1.0,0,1.0,19,,,,198,1,1,1,0,0,0,0,0,0,0,16,0,0,0,0
3/18/2020,Romania,217,0,217,,108.5,,0,0,0,,0,,19,,0,0,198,2,2,2,0,0,0,0,0,0,0,17,0,0,0,1
3/19/2020,Romania,277,60,0,2.3,30,4.6,0,0,0,,0,,25,,0,0,252,3,3,3,1,0,0,0,0,0,0,18,0,0,0,1
3/20/2020,Romania,308,31,60,5.7,45.5,3.9,0,0,0,,0,,31,1,1,0.5,277,4,4,4,2,0,0,0,0,0,0,19,0,0,0,1
3/21/2020,Romania,367,59,31,3.3,45,4.3,0,0,0,,0,,52,3,3,2,315,5,5,5,3,0,0,0,0,0,0,20,0,0,0,1
3/22/2020,Romania,367,0,59,3.7,45,4.9,0,0,0,,,,52,3,3,3,315,6,6,6,4,0,0,0,0,0,0,21,0,0,0,1
3/17/2020,Russia,114,114,0,1.0,114,1.0,0,0,0,1.0,0,1.0,5,,,,109,1,1,1,0,0,0,0,0,0,0,22,0,0,0,0
3/18/2020,Russia,147,33,114,2.3,73.5,2.3,0,0,0,,0,,5,,0,0,142,2,2,2,0,0,0,0,0,0,0,23,0,0,0,1
3/19/2020,Russia,199,52,33,1.9,42.5,2.3,1,1,0,,0.5,,5,,0,0,193,3,3,3,0,0,1,0,0,0,0,24,0,0,0,1
3/20/2020,Russia,253,54,52,2.5,53,2.5,1,0,1,,0.5,1.4,5,0,0,0,247,4,4,4,1,0,2,0,0,0,0,25,0,0,0,1
3/21/2020,Russia,253,0,54,,27,6.4,1,0,0,,0,,5,N/A,0,0,247,5,5,5,2,0,3,0,0,0,0,26,1,1,1,1
3/22/2020,Russia,367,114,0,1.5,57,3.0,1,0,0,,,,16,N/A,0,0,350,6,6,6,3,0,4,0,0,0,0,27,2,2,2,1
3/17/2020,Rwanda,7,7,0,1.0,7,1.0,0,0,0,1.0,0,1.0,,,,,7,1,1,0,0,0,0,0,0,0,0,28,0,0,0,0
3/18/2020,Rwanda,11,4,7,1.2,5.5,1.2,0,0,0,,0,,,,0,0,11,2,2,0,0,0,0,0,0,0,0,29,0,0,0,1
3/19/2020,Rwanda,11,0,4,,2,3.8,0,0,0,,0,,,,0,0,11,3,3,0,0,0,0,0,0,0,0,30,0,0,0,1
3/20/2020,Rwanda,11,0,0,,0,,0,0,0,,0,,0,0,0,0,11,4,4,0,0,0,0,0,0,0,0,31,0,0,0,1
3/21/2020,Rwanda,17,6,0,1.3,3,2.6,0,0,0,,0,,N/A,N/A,0,0,17,5,5,0,0,0,0,0,0,0,0,32,1,1,1,1
3/22/2020,Rwanda,17,0,6,2.0,3,4.0,0,0,0,,,,N/A,N/A,0,0,17,6,6,0,0,0,0,0,0,0,0,33,2,2,2,1
3/19/2020,Saint Lucia,2,2,0,1.0,2,1.0,0,0,0,1.0,0,1.0,,,,,2,1,0,0,0,0,0,0,0,0,0,34,0,0,0,0
3/20/2020,Saint Lucia,2,0,2,,1,,0,0,0,,0,,0,0,0,0,2,2,0,0,0,0,0,0,0,0,0,35,0,0,0,1
3/21/2020,Saint Lucia,2,0,0,,0,,0,0,0,,0,,N/A,N/A,0,0,2,3,0,0,0,0,0,0,0,0,0,36,1,1,1,1
3/22/2020,Saint Lucia,2,0,0,,0,,0,0,0,,,,N/A,N/A,0,0,2,4,0,0,0,0,0,0,0,0,0,37,2,2,2,1
3/19/2020,Saint Vincent and the Grenadines,1,1,0,1.0,1,1.0,0,0,0,1.0,0,1.0,,,,,1,1,0,0,0,0,0,0,0,0,0,38,0,0,0,0
3/20/2020,Saint Vincent and the Grenadines,1,0,1,,0.5,,0,0,0,,0,,0,0,0,0,1,2,0,0,0,0,0,0,0,0,0,39,0,0,0,1
3/21/2020,Saint Vincent and the Grenadines,1,0,0,,0,,0,0,0,,0,,N/A,N/A,0,0,1,3,0,0,0,0,0,0,0,0,0,40,1,1,1,1
3/22/2020,Saint Vincent and the Grenadines,1,0,0,,0,,0,0,0,,,,N/A,N/A,0,0,1,4,0,0,0,0,0,0,0,0,0,41,2,2,2,1
3/17/2020,San Marino,115,115,0,1.0,115,1.0,9,9,0,1.0,9,1.0,4,,,,102,1,1,1,0,0,1,1,0,0,0,42,0,0,0,0
3/18/2020,San Marino,126,11,115,6.5,63,6.5,11,2,9,3.1,5.5,3.1,4,,0,0,111,2,2,2,0,0,2,2,0,0,0,43,0,0,0,1
3/19/2020,San Marino,140,14,11,5.6,12.5,6.2,14,3,2,2.6,2.5,3.1,4,,0,0,122,3,3,3,0,0,3,3,0,0,0,44,0,0,0,1
3/20/2020,San Marino,151,11,14,7.8,12.5,6.8,14,0,3,,1.5,6.5,4,6,6,3,133,4,4,4,0,0,4,4,0,0,0,45,1,0,0,1
3/21/2020,San Marino,160,9,11,10.3,10,9.3,20,6,0,1.6,3,3.3,4,12,12,9,136,5,5,5,0,0,5,5,0,0,0,46,2,0,0,1
3/22/2020,San Marino,160,0,9,10.6,10,9.5,20,0,6,2.3,1.6,4.7,4,12,12,12,136,6,6,6,0,0,6,6,0,0,0,47,3,0,0,1
3/17/2020,Saudi Arabia,171,171,0,1.0,171,1.0,0,0,0,1.0,0,1.0,6,,,,165,1,1,1,0,0,0,0,0,0,0,48,0,0,0,0
3/18/2020,Saudi Arabia,238,67,171,1.7,119,1.7,0,0,0,,0,,6,,0,0,232,2,2,2,0,0,0,0,0,0,0,49,0,0,0,1
3/19/2020,Saudi Arabia,238,0,67,,33.5,4.8,0,0,0,,0,,6,,0,0,232,3,3,3,0,0,0,0,0,0,0,50,0,0,0,1
3/20/2020,Saudi Arabia,274,36,0,4.5,18,9.0,0,0,0,,0,,8,0,0,0,266,4,4,4,1,0,0,0,0,0,0,51,0,0,0,1
3/21/2020,Saudi Arabia,392,118,36,1.6,77,2.4,0,0,0,,0,,8,N/A,0,0,384,5,5,5,2,0,0,0,0,0,0,52,1,1,1,1
3/22/2020,Saudi Arabia,511,119,118,2.3,118.5,2.3,0,0,0,,,,8,N/A,0,0,503,6,6,6,3,0,0,0,0,0,0,53,2,2,2,1
3/17/2020,Senegal,27,27,0,1.0,27,1.0,0,0,0,1.0,0,1.0,0,,,,27,1,1,0,0,0,0,0,0,0,0,54,0,0,0,0
3/18/2020,Senegal,31,4,27,4.7,15.5,4.7,0,0,0,,0,,0,,0,0,31,2,2,0,0,0,0,0,0,0,0,55,0,0,0,1
3/19/2020,Senegal,38,7,4,3.1,5.5,3.9,0,0,0,,0,,5,,0,0,33,3,3,0,0,0,0,0,0,0,0,56,0,0,0,1
3/20/2020,Senegal,38,0,7,,3.5,6.6,0,0,0,,0,,5,0,0,0,33,4,4,0,0,0,0,0,0,0,0,57,0,0,0,1
3/21/2020,Senegal,47,9,0,2.6,4.5,5.1,0,0,0,,0,,5,N/A,0,0,42,5,5,0,0,0,0,0,0,0,0,58,1,1,1,1
3/22/2020,Senegal,56,9,9,3.3,9,3.3,0,0,0,,,,5,N/A,0,0,51,6,6,0,0,0,0,0,0,0,0,59,2,2,2,1
3/17/2020,Serbia,72,72,0,1.0,72,1.0,0,0,0,1.0,0,1.0,,,,,72,1,1,0,0,0,0,0,0,0,0,60,0,0,0,0
3/18/2020,Serbia,89,17,72,3.0,44.5,3.0,0,0,0,,0,,,,0,0,89,2,2,0,0,0,0,0,0,0,0,61,0,0,0,1
3/19/2020,Serbia,97,8,17,7.8,12.5,5.0,0,0,0,,0,,,,0,0,97,3,3,0,0,0,0,0,0,0,0,62,0,0,0,1
3/20/2020,Serbia,135,38,8,1.8,23,3.0,0,0,0,,0,,,1,1,0.5,135,4,4,1,0,0,0,0,0,0,0,63,0,0,0,1
3/21/2020,Serbia,171,36,38,2.6,37,2.6,0,0,0,,0,,,1,1,1,171,5,5,2,0,0,0,0,0,0,0,64,0,0,0,1
3/22/2020,Serbia,171,0,36,3.3,37,3.2,0,0,0,,,,,1,1,1,171,6,6,3,0,0,0,0,0,0,0,65,0,0,0,1
3/17/2020,Seychelles,3,3,0,1.0,3,1.0,0,0,0,1.0,0,1.0,,,,,3,1,0,0,0,0,0,0,0,0,0,66,0,0,0,0
3/18/2020,Seychelles,4,1,3,2.1,2,2.1,0,0,0,,0,,,,0,0,4,2,0,0,0,0,0,0,0,0,0,67,0,0,0,1
3/19/2020,Seychelles,6,2,1,1.4,1.5,1.9,0,0,0,,0,,,,0,0,6,3,1,0,0,0,0,0,0,0,0,68,0,0,0,1
3/20/2020,Seychelles,7,1,2,4.2,1.5,2.8,0,0,0,,0,,0,0,0,0,7,4,2,0,0,0,0,0,0,0,0,69,0,0,0,1
3/21/2020,Seychelles,7,0,1,,0.5,9.8,0,0,0,,0,,N/A,1,1,0.5,7,5,3,0,0,0,0,0,0,0,0,70,0,0,0,1
3/22/2020,Seychelles,7,0,0,,0.5,9.8,0,0,0,,,,N/A,1,1,1,7,6,4,0,0,0,0,0,0,0,0,71,0,0,0,1
3/17/2020,Singapore,266,266,0,1.0,266,1.0,0,0,0,1.0,0,1.0,114,14,14,14,152,1,1,1,1,0,0,0,0,0,0,1,1,0,0,0
3/18/2020,Singapore,313,47,266,2.3,156.5,2.3,0,0,0,,0,,117,15,15,14.5,196,2,2,2,2,0,0,0,0,0,0,2,2,0,0,1
3/19/2020,Singapore,345,32,47,4.3,39.5,3.5,0,0,0,,0,,124,15,15,15,221,3,3,3,3,0,0,0,0,0,0,3,3,0,0,1
3/20/2020,Singapore,385,40,32,3.9,36,4.3,0,0,0,,0,,131,16,16,15.5,254,4,4,4,4,0,0,0,0,0,0,4,4,0,0,1
3/21/2020,Singapore,432,47,40,3.8,43.5,4.1,2,2,0,,1,,140,14,14,15,290,5,5,5,5,0,1,0,0,0,0,5,5,0,0,1
3/22/2020,Singapore,432,0,47,4.3,43.5,4.7,2,0,2,0.7,,1.4,140,14,14,14,290,6,6,6,6,0,2,0,0,0,0,6,6,0,0,1
3/20/2020,Sint Maarten,1,1,0,1.0,1,1.0,0,0,0,1.0,0,1.0,0,0,0,0,1,1,0,0,0,0,0,0,0,0,0,0,0,0,0,0
3/21/2020,Sint Maarten,1,0,1,,0.5,,0,0,0,,0,,0,N/A,0,0,1,2,0,0,0,0,0,0,0,0,0,1,1,1,1,1
3/22/2020,Sint Maarten,1,0,0,,0.5,1.4,0,0,0,,,,0,N/A,0,0,1,3,0,0,0,0,0,0,0,0,0,2,2,2,2,1
3/17/2020,Slovakia,72,72,0,1.0,72,1.0,0,0,0,1.0,0,1.0,,,,,72,1,1,0,0,0,0,0,0,0,0,3,0,0,0,0
3/18/2020,Slovakia,97,25,72,2.0,48.5,2.0,0,0,0,,0,,,,0,0,97,2,2,0,0,0,0,0,0,0,0,4,0,0,0,1
3/19/2020,Slovakia,105,8,25,8.5,16.5,4.1,0,0,0,,0,,,,0,0,105,3,3,1,0,0,0,0,0,0,0,5,0,0,0,1
3/20/2020,Slovakia,123,18,8,4.1,13,5.7,0,0,0,,0,,0,0,0,0,123,4,4,2,0,0,0,0,0,0,0,6,0,0,0,1
3/21/2020,Slovakia,137,14,18,6.2,16,5.4,0,0,0,,0,,N/A,N/A,0,0,137,5,5,3,0,0,0,0,0,0,0,7,1,1,1,1
3/22/2020,Slovakia,178,41,14,2.3,27.5,3.5,0,0,0,,,,N/A,N/A,0,0,178,6,6,4,0,0,0,0,0,0,0,8,2,2,2,1
3/17/2020,Slovenia,275,275,0,1.0,275,1.0,1,1,0,1.0,1,1.0,0,0,0,0,274,1,1,1,1,0,1,0,0,0,0,0,0,0,0,0
3/18/2020,Slovenia,275,0,275,,137.5,,1,0,1,,0.5,,0,0,0,0,274,2,2,2,2,0,2,0,0,0,0,0,0,0,0,1
3/19/2020,Slovenia,286,11,0,17.4,5.5,34.9,1,0,0,,0,,0,0,0,0,285,3,3,3,3,0,3,0,0,0,0,0,0,0,0,1
3/20/2020,Slovenia,319,33,11,6.0,22,9.1,1,0,0,,0,,0,0,0,0,318,4,4,4,4,0,4,0,0,0,0,0,0,0,0,1
3/21/2020,Slovenia,383,64,33,3.5,48.5,4.6,1,0,0,,0,,0,9,9,4.5,382,5,5,5,5,0,5,0,0,0,0,1,1,0,0,1
3/22/2020,Slovenia,383,0,64,4.2,48.5,5.5,1,0,0,,,,0,9,9,9,382,6,6,6,6,0,6,0,0,0,0,2,2,0,0,1
3/17/2020,Somalia,1,1,0,1.0,1,1.0,0,0,0,1.0,0,1.0,,,,,1,1,0,0,0,0,0,0,0,0,0,3,0,0,0,0
3/18/2020,Somalia,1,0,1,,0.5,,0,0,0,,0,,,,0,0,1,2,0,0,0,0,0,0,0,0,0,4,0,0,0,1
3/19/2020,Somalia,1,0,0,,0,,0,0,0,,0,,,,0,0,1,3,0,0,0,0,0,0,0,0,0,5,0,0,0,1
3/20/2020,Somalia,1,0,0,,0,,0,0,0,,0,,0,0,0,0,1,4,0,0,0,0,0,0,0,0,0,6,0,0,0,1
3/21/2020,Somalia,1,0,0,,0,,0,0,0,,0,,N/A,N/A,0,0,1,5,0,0,0,0,0,0,0,0,0,7,1,1,1,1
3/22/2020,Somalia,1,0,0,,0,,0,0,0,,,,N/A,N/A,0,0,1,6,0,0,0,0,0,0,0,0,0,8,2,2,2,1
3/17/2020,South Africa,85,85,0,1.0,85,1.0,0,0,0,1.0,0,1.0,,,,,85,1,1,0,0,0,0,0,0,0,0,9,0,0,0,0
3/18/2020,South Africa,116,31,85,1.9,58,1.9,0,0,0,,0,,,,0,0,116,2,2,1,0,0,0,0,0,0,0,10,0,0,0,1
3/19/2020,South Africa,150,34,31,2.4,32.5,2.5,0,0,0,,0,,,,0,0,150,3,3,2,0,0,0,0,0,0,0,11,0,0,0,1
3/20/2020,South Africa,202,52,34,2.0,43,2.4,0,0,0,,0,,0,0,0,0,202,4,4,3,0,0,0,0,0,0,0,12,0,0,0,1
3/21/2020,South Africa,240,38,52,3.7,45,3.1,0,0,0,,0,,N/A,N/A,0,0,240,5,5,4,0,0,0,0,0,0,0,13,1,1,1,1
3/22/2020,South Africa,240,0,38,4.4,45,3.7,0,0,0,,,,N/A,N/A,0,0,240,6,6,5,0,0,0,0,0,0,0,14,2,2,2,1
3/17/2020,South Korea,8413,8413,0,1.0,8413,1.0,84,84,0,1.0,84,1.0,1540,,,,6789,1,1,1,1,1,1,1,0,0,0,15,0,0,0,0
3/18/2020,South Korea,8565,152,8413,31.3,4282.5,31.3,91,7,84,8.4,45.5,8.4,1947,,0,0,6527,2,2,2,2,2,2,2,0,0,0,16,0,0,0,1
3/19/2020,South Korea,8652,87,152,52.5,119.5,38.2,94,3,7,21.2,5,12.7,2233,,0,0,6325,3,3,3,3,3,3,3,0,0,0,17,0,0,0,1
3/20/2020,South Korea,8652,0,87,,43.5,101.8,94,0,3,,1.5,43.9,2233,0,0,0,6325,4,4,4,4,4,4,4,0,0,0,18,0,0,0,1
3/21/2020,South Korea,8897,245,0,18.1,122.5,36.1,104,10,0,6.6,5,13.2,2909,N/A,0,0,5884,5,5,5,5,5,5,5,1,0,0,19,1,1,1,1
3/22/2020,South Korea,8897,0,245,16.8,122.5,33.6,104,0,10,7.3,6.6,14.6,2909,N/A,0,0,5884,6,6,6,6,6,6,6,2,0,0,20,2,2,2,1
3/17/2020,Spain,11826,11826,0,1.0,11826,1.0,533,533,0,1.0,533,1.0,1028,,,,10265,1,1,1,1,1,1,1,1,1,0,21,0,0,0,0
3/18/2020,Spain,14769,2943,11826,2.4,7384.5,2.4,638,105,533,3.6,319,3.6,1081,,0,0,13050,2,2,2,2,2,2,2,2,2,0,22,0,0,0,1
3/19/2020,Spain,18077,3308,2943,2.8,3125.5,2.9,833,195,105,2.3,150,3.0,1107,,0,0,16137,3,3,3,3,3,3,3,3,3,0,23,0,0,0,1
3/20/2020,Spain,21571,3494,3308,3.2,3401,3.3,1093,260,195,2.2,227.5,2.6,1588,1141,1141,570.5,18890,4,4,4,4,4,4,4,4,4,1,24,1,1,1,1
3/21/2020,Spain,25496,3925,3494,3.4,3709.5,3.6,1381,288,260,2.7,274,2.8,2125,1141,1141,1141,21990,5,5,5,5,5,5,5,5,5,2,25,2,2,2,1
3/22/2020,Spain,28603,3107,3925,5.0,3516,4.4,1756,375,288,2.6,331.5,2.9,2575,1141,1141,1141,24272,6,6,6,6,6,6,6,6,6,3,26,3,3,3,1
3/17/2020,Sri Lanka,44,44,0,1.0,44,1.0,0,0,0,1.0,0,1.0,1,,,,43,1,1,0,0,0,0,0,0,0,0,27,0,0,0,0
3/18/2020,Sri Lanka,44,0,44,,22,,0,0,0,,0,,1,,0,0,43,2,2,0,0,0,0,0,0,0,0,28,0,0,0,1
3/19/2020,Sri Lanka,50,6,0,5.0,3,10.0,0,0,0,,0,,1,,0,0,49,3,3,0,0,0,0,0,0,0,0,29,0,0,0,1
3/20/2020,Sri Lanka,72,22,6,1.6,14,2.5,0,0,0,,0,,1,0,0,0,71,4,4,0,0,0,0,0,0,0,0,30,0,0,0,1
3/21/2020,Sri Lanka,73,1,22,49.7,11.5,4.3,0,0,0,,0,,1,N/A,0,0,72,5,5,0,0,0,0,0,0,0,0,31,1,1,1,1
3/22/2020,Sri Lanka,81,8,1,6.3,4.5,11.2,0,0,0,,,,1,N/A,0,0,80,6,6,0,0,0,0,0,0,0,0,32,2,2,2,1
3/17/2020,Sudan,1,1,0,1.0,1,1.0,0,0,0,1.0,0,1.0,,,,,1,1,0,0,0,0,0,0,0,0,0,33,0,0,0,0
3/18/2020,Sudan,1,0,1,,0.5,,1,1,0,,0.5,,,,0,0,0,2,0,0,0,0,1,0,0,0,0,34,0,0,0,1
3/19/2020,Sudan,1,0,0,,0,,1,0,1,,0.5,1.4,,,0,0,0,3,0,0,0,0,2,0,0,0,0,35,0,0,0,1
3/20/2020,Sudan,1,0,0,,0,,1,0,0,,0,,0,0,0,0,0,4,0,0,0,0,3,0,0,0,0,36,0,0,0,1
3/21/2020,Sudan,2,1,0,,0.5,,1,0,0,,0,,N/A,N/A,0,0,1,5,0,0,0,0,4,0,0,0,0,37,1,1,1,1
3/22/2020,Sudan,2,0,1,0.7,0.5,1.4,1,0,0,,,,N/A,N/A,0,0,1,6,0,0,0,0,5,0,0,0,0,38,2,2,2,1
3/19/2020,Suriname,1,1,0,1.0,1,1.0,0,0,0,1.0,0,1.0,,,,,1,1,0,0,0,0,0,0,0,0,0,39,0,0,0,0
3/20/2020,Suriname,4,3,1,0.2,2,0.2,0,0,0,,0,,0,0,0,0,4,2,0,0,0,0,0,0,0,0,0,40,0,0,0,1
3/21/2020,Suriname,4,0,3,,1.5,1.9,0,0,0,,0,,N/A,N/A,0,0,4,3,0,0,0,0,0,0,0,0,0,41,1,1,1,1
3/22/2020,Suriname,4,0,0,,1.5,1.9,0,0,0,,,,N/A,N/A,0,0,4,4,0,0,0,0,0,0,0,0,0,42,2,2,2,1
3/17/2020,Sweden,1196,1196,0,1.0,1196,1.0,8,8,0,1.0,8,1.0,,,,,1188,1,1,1,1,1,1,1,0,0,0,43,0,0,0,0
3/18/2020,Sweden,1279,83,1196,10.0,639.5,10.0,10,2,8,2.8,5,2.8,,,0,0,1269,2,2,2,2,2,2,2,0,0,0,44,0,0,0,1
3/19/2020,Sweden,1423,144,83,6.2,113.5,7.8,11,1,2,7.0,1.5,4.7,,,0,0,1412,3,3,3,3,3,3,3,0,0,0,45,0,0,0,1
3/20/2020,Sweden,1423,0,144,,72,13.7,11,0,1,,0.5,15.4,0,0,0,0,1412,4,4,4,4,4,4,4,0,0,0,46,0,0,0,1
3/21/2020,Sweden,1746,323,0,3.1,161.5,6.1,20,9,0,0.9,4.5,1.7,N/A,N/A,0,0,1726,5,5,5,5,5,5,5,0,0,0,47,1,1,1,1
3/22/2020,Sweden,1746,0,323,3.7,161.5,7.5,20,0,9,1.6,0.9,3.1,N/A,N/A,0,0,1726,6,6,6,6,6,6,6,0,0,0,48,2,2,2,1
3/17/2020,Switzerland,2700,2700,0,1.0,2700,1.0,27,27,0,1.0,27,1.0,4,,,,2669,1,1,1,1,1,1,1,0,0,0,49,0,0,0,0
3/18/2020,Switzerland,3028,328,2700,5.7,1514,5.7,33,6,27,3.1,16.5,3.1,4,,0,0,2991,2,2,2,2,2,2,2,0,0,0,50,0,0,0,1
3/19/2020,Switzerland,4161,1133,328,1.8,730.5,2.9,43,10,6,2.3,8,2.9,4,,0,0,4114,3,3,3,3,3,3,3,0,0,0,51,0,0,0,1
3/20/2020,Switzerland,5336,1175,1133,2.5,1154,2.5,56,13,10,2.3,11.5,2.6,4,0,0,0,5276,4,4,4,4,4,4,4,0,0,0,52,0,0,0,1
3/21/2020,Switzerland,6652,1316,1175,2.8,1245.5,3.0,80,24,13,1.6,18.5,2.1,4,N/A,0,0,6568,5,5,5,5,5,5,5,0,0,0,53,1,1,1,1
3/22/2020,Switzerland,7014,362,1316,12.7,839,5.5,80,0,24,2.3,1.6,3.0,4,N/A,0,0,6930,6,6,6,6,6,6,6,0,0,0,54,2,2,2,1
3/17/2020,Taiwan,77,77,0,1.0,77,1.0,1,1,0,1.0,1,1.0,22,0,0,0,54,1,1,0,0,0,1,0,0,0,0,0,0,0,0,0
3/18/2020,Taiwan,100,23,77,1.6,50,1.6,1,0,1,,0.5,,22,0,0,0,77,2,2,1,0,0,2,0,0,0,0,0,0,0,0,1
3/19/2020,Taiwan,108,8,23,6.7,15.5,3.5,1,0,0,,0,,26,0,0,0,81,3,3,2,0,0,3,0,0,0,0,0,0,0,0,1
3/20/2020,Taiwan,135,27,8,2.1,17.5,3.2,2,1,0,0.7,0.5,1.4,28,0,0,0,105,4,4,3,0,0,4,0,0,0,0,0,0,0,0,1
3/21/2020,Taiwan,153,18,27,4.1,22.5,3.3,2,0,1,,0.5,2.8,28,0,0,0,123,5,5,4,0,0,5,0,0,0,0,0,0,0,0,1
3/22/2020,Taiwan,153,0,18,4.8,22.5,3.8,2,0,0,,,2.8,28,0,0,0,123,6,6,5,0,0,6,0,0,0,0,0,0,0,0,1
3/17/2020,Tanzania,1,1,0,1.0,1,1.0,0,0,0,1.0,0,1.0,,,,,1,1,0,0,0,0,0,0,0,0,0,1,0,0,0,0
3/18/2020,Tanzania,3,2,1,0.3,1.5,0.3,0,0,0,,0,,,,0,0,3,2,0,0,0,0,0,0,0,0,0,2,0,0,0,1
3/19/2020,Tanzania,6,3,2,0.7,2.5,0.8,0,0,0,,0,,,,0,0,6,3,1,0,0,0,0,0,0,0,0,3,0,0,0,1
3/20/2020,Tanzania,6,0,3,,1.5,2.8,0,0,0,,0,,0,0,0,0,6,4,2,0,0,0,0,0,0,0,0,4,0,0,0,1
3/21/2020,Tanzania,6,0,0,,0,,0,0,0,,0,,N/A,N/A,0,0,6,5,3,0,0,0,0,0,0,0,0,5,1,1,1,1
3/22/2020,Tanzania,6,0,0,,0,,0,0,0,,,,N/A,N/A,0,0,6,6,4,0,0,0,0,0,0,0,0,6,2,2,2,1
3/17/2020,Thailand,177,177,0,1.0,177,1.0,1,1,0,1.0,1,1.0,38,,,,138,1,1,1,0,0,1,0,0,0,0,7,0,0,0,0
3/18/2020,Thailand,212,35,177,2.8,106,2.8,1,0,1,,0.5,,38,,0,0,173,2,2,2,0,0,2,0,0,0,0,8,0,0,0,1
3/19/2020,Thailand,272,60,35,2.0,47.5,2.5,1,0,0,,0,,38,,0,0,233,3,3,3,1,0,3,0,0,0,0,9,0,0,0,1
3/20/2020,Thailand,322,50,60,3.3,55,3.0,1,0,0,,0,,43,1,1,0.5,278,4,4,4,2,0,4,0,0,0,0,10,0,0,0,1
3/21/2020,Thailand,411,89,50,2.2,69.5,2.8,1,0,0,,0,,44,1,1,1,366,5,5,5,3,0,5,0,0,0,0,11,0,0,0,1
3/22/2020,Thailand,599,188,89,1.4,138.5,1.8,1,0,0,,,,45,8,8,4.5,553,6,6,6,4,0,6,0,0,0,0,12,1,0,0,1
3/17/2020,Togo,1,1,0,1.0,1,1.0,0,0,0,1.0,0,1.0,,,,,1,1,0,0,0,0,0,0,0,0,0,13,0,0,0,0
3/18/2020,Togo,1,0,1,,0.5,,0,0,0,,0,,,,0,0,1,2,0,0,0,0,0,0,0,0,0,14,0,0,0,1
3/19/2020,Togo,1,0,0,,0,,0,0,0,,0,,,,0,0,1,3,0,0,0,0,0,0,0,0,0,15,0,0,0,1
3/20/2020,Togo,9,8,0,0.1,4,0.2,0,0,0,,0,,1,0,0,0,8,4,1,0,0,0,0,0,0,0,0,16,0,0,0,1
3/21/2020,Togo,9,0,8,,4,1.4,0,0,0,,0,,1,N/A,0,0,8,5,2,0,0,0,0,0,0,0,0,17,1,1,1,1
3/22/2020,Togo,9,0,0,,4,1.4,0,0,0,,,,1,N/A,0,0,8,6,3,0,0,0,0,0,0,0,0,18,2,2,2,1
3/19/2020,Trinidad and Tobago,9,9,0,1.0,9,1.0,0,0,0,1.0,0,1.0,,,,,9,1,1,0,0,0,0,0,0,0,0,19,0,0,0,0
3/20/2020,Trinidad and Tobago,9,0,9,,4.5,,0,0,0,,0,,0,0,0,0,9,2,2,0,0,0,0,0,0,0,0,20,0,0,0,1
3/21/2020,Trinidad and Tobago,9,0,0,,0,,0,0,0,,0,,N/A,N/A,0,0,9,3,3,0,0,0,0,0,0,0,0,21,1,1,1,1
3/22/2020,Trinidad and Tobago,49,40,0,0.2,20,0.3,0,0,0,,,,N/A,N/A,0,0,49,4,4,0,0,0,0,0,0,0,0,22,2,2,2,1
3/17/2020,Tunisia,24,24,0,1.0,24,1.0,0,0,0,1.0,0,1.0,,,,,24,1,1,0,0,0,0,0,0,0,0,23,0,0,0,0
3/18/2020,Tunisia,27,3,24,5.6,13.5,5.6,0,0,0,,0,,,,0,0,27,2,2,0,0,0,0,0,0,0,0,24,0,0,0,1
3/19/2020,Tunisia,29,2,3,9.5,2.5,7.6,0,0,0,,0,,1,,0,0,28,3,3,0,0,0,0,0,0,0,0,25,0,0,0,1
3/20/2020,Tunisia,39,10,2,2.0,6,3.3,1,1,0,,0.5,,1,0,0,0,37,4,4,0,0,0,1,0,0,0,0,26,0,0,0,1
3/21/2020,Tunisia,60,21,10,1.2,15.5,1.7,1,0,1,,0.5,1.4,1,N/A,0,0,58,5,5,0,0,0,2,0,0,0,0,27,1,1,1,1
3/22/2020,Tunisia,75,15,21,2.7,18,2.3,3,2,0,0.3,1,0.7,1,N/A,0,0,71,6,6,0,0,0,3,0,0,0,0,28,2,2,2,1
3/17/2020,Turkey,98,98,0,1.0,98,1.0,1,1,0,1.0,1,1.0,,,,,97,1,1,0,0,0,1,0,0,0,0,29,0,0,0,0
3/18/2020,Turkey,191,93,98,0.7,95.5,0.7,2,1,1,0.7,1,0.7,,,0,0,189,2,2,1,0,0,2,0,0,0,0,30,0,0,0,1
3/19/2020,Turkey,191,0,93,,46.5,2.8,2,0,1,,0.5,2.8,,,0,0,189,3,3,2,0,0,3,0,0,0,0,31,0,0,0,1
3/20/2020,Turkey,670,479,0,0.3,239.5,0.6,9,7,0,0.2,3.5,0.4,0,0,0,0,661,4,4,3,1,0,4,1,0,0,0,32,0,0,0,1
3/21/2020,Turkey,947,277,479,1.7,378,1.2,21,12,7,0.5,9.5,0.7,N/A,N/A,0,0,926,5,5,4,2,0,5,2,0,0,0,33,1,1,1,1
3/22/2020,Turkey,947,0,277,2.3,378,1.7,21,0,12,1.2,0.5,1.5,N/A,N/A,0,0,926,6,6,5,3,0,6,3,0,0,0,34,2,2,2,1
3/17/2020,Ukraine,7,7,0,1.0,7,1.0,1,1,0,1.0,1,1.0,,,,,6,1,1,0,0,0,1,0,0,0,0,35,0,0,0,0
3/18/2020,Ukraine,14,7,7,0.6,7,0.6,2,1,1,0.7,1,0.7,,,0,0,12,2,2,0,0,0,2,0,0,0,0,36,0,0,0,1
3/19/2020,Ukraine,16,2,7,4.2,4.5,1.9,2,0,1,,0.5,2.8,,,0,0,14,3,3,0,0,0,3,0,0,0,0,37,0,0,0,1
3/20/2020,Ukraine,26,10,2,1.0,6,1.6,3,1,0,1.4,0.5,2.8,0,0,0,0,23,4,4,0,0,0,4,0,0,0,0,38,0,0,0,1
3/21/2020,Ukraine,41,15,10,1.1,12.5,1.3,3,0,1,,0.5,4.2,N/A,N/A,0,0,38,5,5,0,0,0,5,0,0,0,0,39,1,1,1,1
3/22/2020,Ukraine,47,6,15,4.4,10.5,2.5,3,0,0,,,4.2,1,N/A,0,0,43,6,6,0,0,0,6,0,0,0,0,40,2,2,2,1
3/17/2020,United Arab Emirates,98,98,0,1.0,98,1.0,0,0,0,1.0,0,1.0,26,,,,72,1,1,0,0,0,0,0,0,0,0,41,0,0,0,0
3/18/2020,United Arab Emirates,113,15,98,3.4,56.5,3.4,0,0,0,,0,,26,,0,0,87,2,2,1,0,0,0,0,0,0,0,42,0,0,0,1
3/19/2020,United Arab Emirates,113,0,15,,7.5,8.1,0,0,0,,0,,26,,0,0,87,3,3,2,0,0,0,0,0,0,0,43,0,0,0,1
3/20/2020,United Arab Emirates,140,27,0,2.3,13.5,4.5,2,2,0,,1,,31,2,2,1,107,4,4,3,0,0,1,0,0,0,0,44,0,0,0,1
3/21/2020,United Arab Emirates,140,0,27,,13.5,5.5,2,0,2,,1,1.4,31,2,2,2,107,5,5,4,0,0,2,0,0,0,0,45,0,0,0,1
3/22/2020,United Arab Emirates,153,13,0,5.8,6.5,11.5,2,0,0,,,1.4,38,2,2,2,113,6,6,5,0,0,3,0,0,0,0,46,0,0,0,1
3/17/2020,United Kingdom,1950,1950,0,1.0,1950,1.0,71,71,0,1.0,71,1.0,65,,,,1814,1,1,1,1,1,1,1,0,0,0,47,0,0,0,0
3/18/2020,United Kingdom,2626,676,1950,1.9,1313,1.9,104,33,71,1.5,52,1.5,65,,0,0,2457,2,2,2,2,2,2,2,1,0,0,48,0,0,0,1
3/19/2020,United Kingdom,3269,643,676,2.7,659.5,2.6,144,40,33,1.8,36.5,2.0,65,,0,0,3060,3,3,3,3,3,3,3,2,0,0,49,0,0,0,1
3/20/2020,United Kingdom,3983,714,643,3.0,678.5,3.2,177,33,40,3.1,36.5,2.8,65,20,20,10,3741,4,4,4,4,4,4,4,3,0,0,50,1,0,0,1
3/21/2020,United Kingdom,5018,1035,714,2.5,874.5,3.0,233,56,33,2.2,44.5,2.8,79,20,20,20,4706,5,5,5,5,5,5,5,4,0,0,51,2,0,0,1
3/22/2020,United Kingdom,5018,0,1035,3.2,874.5,3.8,281,48,56,3.4,52,3.1,93,20,20,20,4644,6,6,6,6,6,6,6,5,1,0,52,3,0,0,1
3/17/2020,United States,6329,6329,0,1.0,6329,1.0,107,107,0,1.0,107,1.0,9,4,4,4,6213,1,1,1,1,1,1,1,1,0,0,1,0,0,0,0
3/18/2020,United States,9025,2696,6329,1.6,4512.5,1.6,139,32,107,2.3,69.5,2.3,9,4,4,4,8877,2,2,2,2,2,2,2,2,0,0,2,0,0,0,1
3/19/2020,United States,14152,5127,2696,1.2,3911.5,1.6,208,69,32,1.4,50.5,1.9,9,4,4,4,13935,3,3,3,3,3,3,3,3,0,0,3,0,0,0,1
3/20/2020,United States,19671,5519,5127,1.8,5323,1.8,252,44,69,3.3,56.5,2.6,26,64,64,34,19393,4,4,4,4,4,4,4,4,1,0,4,1,0,0,1
3/21/2020,United States,27007,7336,5519,1.9,6427.5,2.1,334,82,44,2.2,63,2.8,29,64,64,64,26644,5,5,5,5,5,5,5,5,2,0,5,2,0,0,1
3/22/2020,United States,32335,5328,7336,3.5,6332,2.9,344,10,82,23.4,46,5.1,29,64,64,64,31962,6,6,6,6,6,6,6,6,3,0,6,3,0,0,1
3/17/2020,Uruguay,29,29,0,1.0,29,1.0,0,0,0,1.0,0,1.0,,,,,29,1,1,0,0,0,0,0,0,0,0,7,0,0,0,0
3/18/2020,Uruguay,50,21,29,1.0,25,1.0,0,0,0,,0,,,,0,0,50,2,2,0,0,0,0,0,0,0,0,8,0,0,0,1
3/19/2020,Uruguay,79,29,21,1.2,25,1.4,0,0,0,,0,,2,,0,0,77,3,3,0,0,0,0,0,0,0,0,9,0,0,0,1
3/20/2020,Uruguay,94,15,29,3.6,22,2.5,0,0,0,,0,,2,0,0,0,92,4,4,0,0,0,0,0,0,0,0,10,0,0,0,1
3/21/2020,Uruguay,110,16,15,4.0,15.5,4.2,0,0,0,,0,,2,N/A,0,0,108,5,5,1,0,0,0,0,0,0,0,11,1,1,1,1
3/22/2020,Uruguay,135,25,16,3.0,20.5,3.7,0,0,0,,,,2,2,2,1,133,6,6,2,0,0,0,0,0,0,0,12,2,2,2,1
3/17/2020,Uzbekistan,10,10,0,1.0,10,1.0,0,0,0,1.0,0,1.0,,,,,10,1,1,0,0,0,0,0,0,0,0,13,0,0,0,0
3/18/2020,Uzbekistan,18,8,10,0.9,9,0.9,0,0,0,,0,,,,0,0,18,2,2,0,0,0,0,0,0,0,0,14,0,0,0,1
3/19/2020,Uzbekistan,23,5,8,2.5,6.5,1.9,0,0,0,,0,,,,0,0,23,3,3,0,0,0,0,0,0,0,0,15,0,0,0,1
3/20/2020,Uzbekistan,33,10,5,1.6,7.5,2.1,0,0,0,,0,,0,0,0,0,33,4,4,0,0,0,0,0,0,0,0,16,0,0,0,1
3/21/2020,Uzbekistan,37,4,10,5.8,7,3.3,0,0,0,,0,,N/A,N/A,0,0,37,5,5,0,0,0,0,0,0,0,0,17,1,1,1,1
3/22/2020,Uzbekistan,42,5,4,5.2,4.5,5.8,0,0,0,,,,N/A,N/A,0,0,42,6,6,0,0,0,0,0,0,0,0,18,2,2,2,1
3/17/2020,Vatican City,1,1,0,1.0,1,1.0,0,0,0,1.0,0,1.0,,,,,1,1,0,0,0,0,0,0,0,0,0,19,0,0,0,0
3/18/2020,Vatican City,1,0,1,,0.5,,0,0,0,,0,,,,0,0,1,2,0,0,0,0,0,0,0,0,0,20,0,0,0,1
3/19/2020,Vatican City,1,0,0,,0,,0,0,0,,0,,,,0,0,1,3,0,0,0,0,0,0,0,0,0,21,0,0,0,1
3/20/2020,Vatican City,1,0,0,,0,,0,0,0,,0,,,0,0,0,1,4,0,0,0,0,0,0,0,0,0,22,0,0,0,1
3/21/2020,Vatican City,1,0,0,,0,,0,0,0,,0,,N/A,N/A,0,0,1,5,0,0,0,0,0,0,0,0,0,23,1,1,1,1
3/22/2020,Vatican City,1,0,0,,0,,0,0,0,,,,N/A,N/A,0,0,1,6,0,0,0,0,0,0,0,0,0,24,2,2,2,1
3/17/2020,Venezuela,33,33,0,1.0,33,1.0,0,0,0,1.0,0,1.0,,,,,33,1,1,0,0,0,0,0,0,0,0,25,0,0,0,0
3/18/2020,Venezuela,33,0,33,,16.5,,0,0,0,,0,,,,0,0,33,2,2,0,0,0,0,0,0,0,0,26,0,0,0,1
3/19/2020,Venezuela,36,3,0,7.7,1.5,15.4,0,0,0,,0,,,,0,0,36,3,3,0,0,0,0,0,0,0,0,27,0,0,0,1
3/20/2020,Venezuela,42,6,3,4.2,4.5,5.6,0,0,0,,0,,0,0,0,0,42,4,4,0,0,0,0,0,0,0,0,28,0,0,0,1
3/21/2020,Venezuela,42,0,6,,3,9.8,0,0,0,,0,,N/A,N/A,0,0,42,5,5,0,0,0,0,0,0,0,0,29,1,1,1,1
3/22/2020,Venezuela,70,28,0,1.1,14,2.1,0,0,0,,,,15,2,2,1,55,6,6,0,0,0,0,0,0,0,0,30,2,2,2,1
3/17/2020,Vietnam,61,61,0,1.0,61,1.0,0,0,0,1.0,0,1.0,16,,,,45,1,1,0,0,0,0,0,0,0,0,31,0,0,0,0
3/18/2020,Vietnam,68,7,61,4.5,34,4.5,0,0,0,,0,,16,,0,0,52,2,2,0,0,0,0,0,0,0,0,32,0,0,0,1
3/19/2020,Vietnam,76,8,7,4.5,7.5,4.9,0,0,0,,0,,16,,0,0,60,3,3,0,0,0,0,0,0,0,0,33,0,0,0,1
3/20/2020,Vietnam,87,11,8,3.8,9.5,4.4,0,0,0,,0,,17,0,0,0,70,4,4,0,0,0,0,0,0,0,0,34,0,0,0,1
3/21/2020,Vietnam,92,5,11,9.8,8,6.1,0,0,0,,0,,17,N/A,0,0,75,5,5,0,0,0,0,0,0,0,0,35,1,1,1,1
3/22/2020,Vietnam,94,2,5,26.2,3.5,15.0,0,0,0,,,,17,N/A,0,0,77,6,6,0,0,0,0,0,0,0,0,36,2,2,2,1
3/19/2020,Zambia,2,2,0,1.0,2,1.0,0,0,0,1.0,0,1.0,,,,,2,1,0,0,0,0,0,0,0,0,0,37,0,0,0,0
3/20/2020,Zambia,2,0,2,,1,,0,0,0,,0,,0,0,0,0,2,2,0,0,0,0,0,0,0,0,0,38,0,0,0,1
3/21/2020,Zambia,2,0,0,,0,,0,0,0,,0,,0,N/A,0,0,2,3,0,0,0,0,0,0,0,0,0,39,1,1,1,1
3/22/2020,Zambia,2,0,0,,0,,0,0,0,,,,0,N/A,0,0,2,4,0,0,0,0,0,0,0,0,0,40,2,2,2,1
