Date,Country,ConfirmedToDate,NewConfirmed,PrevNewConfirmed,DaysToDouble_New,NewConfirmed_2DayAvg,DaysToDouble_2DayAvg,DeathsToDate,NewDeaths,PrevNewDeaths,DaysToDoubleDeath_New,NewDeaths_2DayAvg,DaysToDoubleDeath_2DayAvg,Recovered,ActiveCases,DaysIn,DaysIn5,DaysIn100,DaysIn250,DaysIn1000,DaysInDeaths,DaysInDeaths5,DaysInDeaths100,DaysInDeaths250,DaysInDeaths1000
3/17/20,Afghanistan,21,21,0,1.0,21,1.0,0,0,0,1.0,0,1.0,1,20,1,1,0,0,0,0,0,0,0,0
3/18/20,Afghanistan,22,1,21,14.0,11,14.0,0,0,0,,0,,,22,2,2,0,0,0,0,0,0,0,0
3/19/2020,Afghanistan,22,0,1,,0.5,30.8,0,0,0,,0,,1,21,3,3,0,0,0,0,0,0,0,0
3/20/2020,Afghanistan,24,2,0,7.3,1,14.7,0,0,0,,0,,1,23,4,4,0,0,0,0,0,0,0,0
3/21/2020,Afghanistan,24,0,2,,1,16.1,0,0,0,,0,,1,23,5,5,0,0,0,0,0,0,0,0
3/22/2020,Afghanistan,34,10,0,1.6,5,3.2,1,1,0,,0.5,,1,32,6,6,0,0,0,1,0,0,0,0
3/17/20,Albania,55,55,0,1.0,55,1.0,1,1,0,1.0,1,1.0,0,54,1,1,0,0,0,1,0,0,0,0
3/18/20,Albania,59,4,55,9.5,29.5,9.5,2,1,1,0.7,1,0.7,,57,2,2,0,0,0,2,0,0,0,0
3/19/2020,Albania,64,5,4,8.0,4.5,8.9,2,0,1,,0.5,2.8,0,62,3,3,0,0,0,3,0,0,0,0
3/20/2020,Albania,70,6,5,7.2,5.5,7.9,2,0,0,,0,,2,66,4,4,0,0,0,4,0,0,0,0
3/21/2020,Albania,76,6,6,7.7,6,7.7,2,0,0,,0,,2,72,5,5,0,0,0,5,0,0,0,0
3/22/2020,Albania,89,13,6,3.9,9.5,5.3,2,0,0,,,,3,84,6,6,0,0,0,6,0,0,0,0
3/17/20,Algeria,61,61,0,1.0,61,1.0,5,5,0,1.0,5,1.0,10,46,1,1,0,0,0,1,1,0,0,0
3/18/20,Algeria,75,14,61,2.3,37.5,2.3,7,2,5,1.8,3.5,1.8,,68,2,2,0,0,0,2,2,0,0,0
3/19/2020,Algeria,90,15,14,3.2,14.5,3.3,9,2,2,2.5,2,2.5,32,49,3,3,0,0,0,3,3,0,0,0
3/20/2020,Algeria,94,4,15,8.6,9.5,3.6,11,2,2,3.1,2,3.1,32,51,4,4,0,0,0,4,4,0,0,0
3/21/2020,Algeria,139,45,4,0.8,24.5,1.5,15,4,2,1.9,3,2.6,65,59,5,5,1,0,0,5,5,0,0,0
3/22/2020,Algeria,139,0,45,0.9,24.5,1.7,15,0,4,2.6,1.9,3.5,65,59,6,6,2,0,0,6,6,0,0,0
3/17/20,Andorra,14,14,0,1.0,14,1.0,0,0,0,1.0,0,1.0,0,14,1,1,0,0,0,0,0,0,0,0
3/18/20,Andorra,53,39,14,0.3,26.5,0.3,0,0,0,,0,,,53,2,2,0,0,0,0,0,0,0,0
3/19/2020,Andorra,74,21,39,1.8,30,1.2,0,0,0,,0,,1,73,3,3,0,0,0,0,0,0,0,0
3/20/2020,Andorra,75,1,21,51.1,11,4.6,0,0,0,,0,,1,74,4,4,0,0,0,0,0,0,0,0
3/21/2020,Andorra,88,13,1,4.0,7,7.4,0,0,0,,0,,1,87,5,5,0,0,0,0,0,0,0,0
3/22/2020,Andorra,112,24,13,2.5,18.5,3.3,1,1,0,,0.5,,1,110,6,6,1,0,0,1,0,0,0,0
3/21/2020,Angola,2,2,0,1.0,2,1.0,0,0,0,1.0,0,1.0,0,2,1,0,0,0,0,0,0,0,0,0
3/22/2020,Angola,2,0,2,0.7,2,0.7,0,0,0,,1,,0,2,2,0,0,0,0,0,0,0,0,0
3/17/20,Antigua and Barbuda,1,1,0,1.0,1,1.0,0,0,0,1.0,0,1.0,0,1,1,0,0,0,0,0,0,0,0,0
3/18/20,Antigua and Barbuda,1,0,1,,0.5,,0,0,0,,0,,,1,2,0,0,0,0,0,0,0,0,0
3/19/2020,Antigua and Barbuda,1,0,0,,0,,0,0,0,,0,,0,1,3,0,0,0,0,0,0,0,0,0
3/20/2020,Antigua and Barbuda,1,0,0,,0,,0,0,0,,0,,0,1,4,0,0,0,0,0,0,0,0,0
3/21/2020,Antigua and Barbuda,1,0,0,,0,,0,0,0,,0,,0,1,5,0,0,0,0,0,0,0,0,0
3/22/2020,Antigua and Barbuda,1,0,0,,0,,0,0,0,,,,0,1,6,0,0,0,0,0,0,0,0,0
3/17/20,Argentina,79,79,0,1.0,79,1.0,2,2,0,1.0,2,1.0,3,74,1,1,0,0,0,1,0,0,0,0
3/18/20,Argentina,97,18,79,2.9,48.5,2.9,2,0,2,,1,,,95,2,2,0,0,0,2,0,0,0,0
3/19/2020,Argentina,97,0,18,,9,7.4,3,1,0,1.4,0.5,2.8,3,91,3,3,0,0,0,3,0,0,0,0
3/20/2020,Argentina,158,61,0,1.0,30.5,2.1,3,0,1,,0.5,4.2,3,152,4,4,1,0,0,4,0,0,0,0
3/21/2020,Argentina,225,67,61,1.6,64,1.7,4,1,0,2.1,0.5,4.2,27,194,5,5,2,0,0,5,0,0,0,0
3/22/2020,Argentina,225,0,67,2.0,64,2.1,4,0,1,2.8,2.1,5.6,27,194,6,6,3,0,0,6,0,0,0,0
3/17/20,Armenia,72,72,0,1.0,72,1.0,0,0,0,1.0,0,1.0,1,71,1,1,0,0,0,0,0,0,0,0
3/18/20,Armenia,110,38,72,1.3,55,1.3,0,0,0,,0,,,110,2,2,1,0,0,0,0,0,0,0
3/19/2020,Armenia,122,12,38,6.4,25,3.1,0,0,0,,0,,1,121,3,3,2,0,0,0,0,0,0,0
3/20/2020,Armenia,136,14,12,6.0,13,6.5,0,0,0,,0,,1,135,4,4,3,0,0,0,0,0,0,0
3/21/2020,Armenia,160,24,14,3.9,19,5.0,0,0,0,,0,,1,159,5,5,4,0,0,0,0,0,0,0
3/22/2020,Armenia,190,30,24,3.7,27,4.1,0,0,0,,,,2,188,6,6,5,0,0,0,0,0,0,0
3/17/20,Australia,452,452,0,1.0,452,1.0,5,5,0,1.0,5,1.0,27,420,1,1,1,1,0,1,1,0,0,0
3/18/20,Australia,596,144,452,2.0,298,2.0,6,1,5,3.5,3,3.5,2,588,2,2,2,2,0,2,2,0,0,0
3/19/2020,Australia,709,113,144,3.6,128.5,3.2,6,0,1,,0.5,8.4,46,657,3,3,3,3,0,3,3,0,0,0
3/20/2020,Australia,"1,023",314,113,1.5,213.5,2.2,7,1,0,4.2,0.5,8.4,43,973,4,4,4,4,1,4,4,0,0,0
3/21/2020,Australia,"1,122",99,314,6.9,206.5,3.3,7,0,1,,0.5,9.8,43,1072,5,5,5,5,2,5,5,0,0,0
3/22/2020,Australia,"1,356",234,99,3.2,166.5,4.5,7,0,0,,,9.8,43,1306,6,6,6,6,3,6,6,0,0,0
3/17/20,Austria,1332,1332,0,1.0,1332,1.0,3,3,0,1.0,3,1.0,9,1320,1,1,1,1,1,1,0,0,0,0
3/18/20,Austria,1646,314,1332,2.9,823,2.9,4,1,3,2.1,2,2.1,,1642,2,2,2,2,2,2,0,0,0,0
3/19/2020,Austria,"2,179",533,314,2.2,423.5,2.7,6,2,1,1.4,1.5,1.9,9,2164,3,3,3,3,3,3,1,0,0,0
3/20/2020,Austria,"2,649",470,533,3.2,501.5,3.0,6,0,2,,1,4.2,9,2634,4,4,4,4,4,4,2,0,0,0
3/21/2020,Austria,"2,992",343,470,5.4,406.5,4.5,8,2,0,2.1,1,4.2,9,2975,5,5,5,5,5,5,3,0,0,0
3/22/2020,Austria,"3,026",34,343,61.3,188.5,11.0,9,1,2,5.6,1.5,3.7,9,3008,6,6,6,6,6,6,4,0,0,0
3/17/20,Azerbaijan,34,34,0,1.0,34,1.0,1,1,0,1.0,1,1.0,6,27,1,1,0,0,0,1,0,0,0,0
3/18/20,Azerbaijan,34,0,34,,17,,1,0,1,,0.5,,,33,2,2,0,0,0,2,0,0,0,0
3/19/2020,Azerbaijan,44,10,0,2.3,5,4.6,1,0,0,,0,,10,33,3,3,0,0,0,3,0,0,0,0
3/20/2020,Azerbaijan,44,0,10,,5,4.6,1,0,0,,0,,10,33,4,4,0,0,0,4,0,0,0,0
3/21/2020,Azerbaijan,53,9,0,2.6,4.5,5.1,1,0,0,,0,,10,42,5,5,0,0,0,5,0,0,0,0
3/22/2020,Azerbaijan,65,12,9,2.5,10.5,2.8,1,0,0,,,,10,54,6,6,0,0,0,6,0,0,0,0
3/17/20,Bahamas,1,1,0,1.0,1,1.0,0,0,0,1.0,0,1.0,0,1,1,0,0,0,0,0,0,0,0,0
3/18/20,Bahamas,1,0,1,,0.5,,0,0,0,,0,,,1,2,0,0,0,0,0,0,0,0,0
3/19/2020,Bahamas,3,2,0,0.3,1,0.7,0,0,0,,0,,0,3,3,0,0,0,0,0,0,0,0,0
3/20/2020,Bahamas,3,0,2,,1,2.1,0,0,0,,0,,0,3,4,0,0,0,0,0,0,0,0,0
3/21/2020,Bahamas,4,1,0,2.1,0.5,4.2,0,0,0,,0,,0,4,5,0,0,0,0,0,0,0,0,0
3/22/2020,Bahamas,4,0,1,2.8,0.5,5.6,0,0,0,,,,0,4,6,0,0,0,0,0,0,0,0,0
3/17/20,Bahrain,242,242,0,1.0,242,1.0,1,1,0,1.0,1,1.0,88,153,1,1,1,0,0,1,0,0,0,0
3/18/20,Bahrain,256,14,242,7.7,128,7.7,1,0,1,,0.5,,,255,2,2,2,1,0,2,0,0,0,0
3/19/2020,Bahrain,279,23,14,7.8,18.5,9.6,1,0,0,,0,,110,168,3,3,3,2,0,3,0,0,0,0
3/20/2020,Bahrain,298,19,23,6.2,21,5.6,1,0,0,,0,,125,172,4,4,4,3,0,4,0,0,0,0
3/21/2020,Bahrain,310,12,19,10.0,15.5,7.8,1,0,0,,0,,125,184,5,5,5,4,0,5,0,0,0,0
3/22/2020,Bahrain,334,24,12,5.4,18,7.2,2,1,0,0.7,0.5,1.4,149,183,6,6,6,5,0,6,0,0,0,0
3/17/20,Bangladesh,8,8,0,1.0,8,1.0,0,0,0,1.0,0,1.0,3,5,1,1,0,0,0,0,0,0,0,0
3/18/20,Bangladesh,14,6,8,0.6,7,0.6,1,1,0,,0.5,,,13,2,2,0,0,0,1,0,0,0,0
3/19/2020,Bangladesh,18,4,6,2.3,5,1.8,1,0,1,,0.5,1.4,3,14,3,3,0,0,0,2,0,0,0,0
3/20/2020,Bangladesh,20,2,4,4.9,3,3.3,1,0,0,,0,,3,16,4,4,0,0,0,3,0,0,0,0
3/21/2020,Bangladesh,24,4,2,2.8,3,3.7,2,1,0,0.7,0.5,1.4,3,19,5,5,0,0,0,4,0,0,0,0
3/22/2020,Bangladesh,27,3,4,4.4,3.5,3.8,2,0,1,1.4,0.7,2.8,3,22,6,6,0,0,0,5,0,0,0,0
3/17/20,Barbados,2,2,0,1.0,2,1.0,0,0,0,1.0,0,1.0,0,2,1,0,0,0,0,0,0,0,0,0
3/18/20,Barbados,2,0,2,,1,,0,0,0,,0,,,2,2,0,0,0,0,0,0,0,0,0
3/19/2020,Barbados,5,3,0,0.5,1.5,0.9,0,0,0,,0,,0,5,3,1,0,0,0,0,0,0,0,0
3/20/2020,Barbados,5,0,3,,1.5,2.3,0,0,0,,0,,0,5,4,2,0,0,0,0,0,0,0,0
3/21/2020,Barbados,5,0,0,,0,,0,0,0,,0,,0,5,5,3,0,0,0,0,0,0,0,0
3/22/2020,Barbados,5,0,0,,0,,0,0,0,,,,0,5,6,4,0,0,0,0,0,0,0,0
3/17/20,Belarus,36,36,0,1.0,36,1.0,0,0,0,1.0,0,1.0,3,33,1,1,0,0,0,0,0,0,0,0
3/18/20,Belarus,51,15,36,1.5,25.5,1.5,0,0,0,,0,,,51,2,2,0,0,0,0,0,0,0,0
3/19/2020,Belarus,51,0,15,,7.5,4.8,0,0,0,,0,,5,46,3,3,0,0,0,0,0,0,0,0
3/20/2020,Belarus,69,18,0,1.8,9,3.6,0,0,0,,0,,15,54,4,4,0,0,0,0,0,0,0,0
3/21/2020,Belarus,76,7,18,5.4,12.5,3.0,0,0,0,,0,,15,61,5,5,0,0,0,0,0,0,0,0
3/22/2020,Belarus,76,0,7,6.1,12.5,3.4,0,0,0,,,,15,61,6,6,0,0,0,0,0,0,0,0
3/17/20,Belgium,1243,1243,0,1.0,1243,1.0,10,10,0,1.0,10,1.0,14,1219,1,1,1,1,1,1,1,0,0,0
3/18/20,Belgium,1486,243,1243,3.5,743,3.5,14,4,10,1.8,7,1.8,,1472,2,2,2,2,2,2,2,0,0,0
3/19/2020,Belgium,1795,309,243,3.3,276,3.7,21,7,4,1.4,5.5,1.8,31,1743,3,3,3,3,3,3,3,0,0,0
3/20/2020,Belgium,2257,462,309,2.6,385.5,3.2,37,16,7,0.9,11.5,1.3,204,2016,4,4,4,4,4,4,4,0,0,0
3/21/2020,Belgium,"2,815",558,462,2.5,510,2.8,67,30,16,0.9,23,1.1,263,2485,5,5,5,5,5,5,5,0,0,0
3/22/2020,Belgium,"3,401",586,558,3.0,572,3.0,75,8,30,5.9,19,2.5,340,2986,6,6,6,6,6,6,6,0,0,0
3/17/20,Benin,1,1,0,1.0,1,1.0,0,0,0,1.0,0,1.0,0,1,1,0,0,0,0,0,0,0,0,0
3/18/20,Benin,2,1,1,0.7,1,0.7,0,0,0,,0,,,2,2,0,0,0,0,0,0,0,0,0
3/19/2020,Benin,2,0,1,,0.5,2.8,0,0,0,,0,,0,2,3,0,0,0,0,0,0,0,0,0
3/20/2020,Benin,2,0,0,,0,,0,0,0,,0,,0,2,4,0,0,0,0,0,0,0,0,0
3/21/2020,Benin,2,0,0,,0,,0,0,0,,0,,0,2,5,0,0,0,0,0,0,0,0,0
3/22/2020,Benin,2,0,0,,0,,0,0,0,,,,0,2,6,0,0,0,0,0,0,0,0,0
3/17/20,Bhutan,1,1,0,1.0,1,1.0,0,0,0,1.0,0,1.0,0,1,1,0,0,0,0,0,0,0,0,0
3/18/20,Bhutan,1,0,1,,0.5,,0,0,0,,0,,,1,2,0,0,0,0,0,0,0,0,0
3/19/2020,Bhutan,1,0,0,,0,,0,0,0,,0,,0,1,3,0,0,0,0,0,0,0,0,0
3/20/2020,Bhutan,2,1,0,0.7,0.5,1.4,0,0,0,,0,,0,2,4,0,0,0,0,0,0,0,0,0
3/21/2020,Bhutan,2,0,1,,0.5,2.8,0,0,0,,0,,0,2,5,0,0,0,0,0,0,0,0,0
3/22/2020,Bhutan,2,0,0,,0.5,2.8,0,0,0,,,,0,2,6,0,0,0,0,0,0,0,0,0
3/17/20,Bolivia,12,12,0,1.0,12,1.0,0,0,0,1.0,0,1.0,0,12,1,1,0,0,0,0,0,0,0,0
3/18/20,Bolivia,12,0,12,,6,,0,0,0,,0,,,12,2,2,0,0,0,0,0,0,0,0
3/19/2020,Bolivia,15,3,0,2.8,1.5,5.6,0,0,0,,0,,0,15,3,3,0,0,0,0,0,0,0,0
3/20/2020,Bolivia,16,1,3,10.5,2,5.3,0,0,0,,0,,0,16,4,4,0,0,0,0,0,0,0,0
3/21/2020,Bolivia,19,3,1,3.7,2,5.6,0,0,0,,0,,0,19,5,5,0,0,0,0,0,0,0,0
3/22/2020,Bolivia,20,1,3,13.3,2,6.7,0,0,0,,,,0,20,6,6,0,0,0,0,0,0,0,0
3/17/20,Bosnia and Herzegovina,34,34,0,1.0,34,1.0,0,0,0,1.0,0,1.0,2,32,1,1,0,0,0,0,0,0,0,0
3/18/20,Bosnia and Herzegovina,39,5,34,4.5,19.5,4.5,0,0,0,,0,,,39,2,2,0,0,0,0,0,0,0,0
3/19/2020,Bosnia and Herzegovina,64,25,5,1.1,15,1.8,0,0,0,,0,,2,62,3,3,0,0,0,0,0,0,0,0
3/20/2020,Bosnia and Herzegovina,89,25,25,1.7,25,1.7,0,0,0,,0,,2,87,4,4,0,0,0,0,0,0,0,0
3/21/2020,Bosnia and Herzegovina,94,5,25,12.2,15,4.1,1,1,0,,0.5,,2,91,5,5,0,0,0,1,0,0,0,0
3/22/2020,Bosnia and Herzegovina,94,0,5,12.7,15,4.2,1,0,1,0.7,,1.4,2,91,6,6,0,0,0,2,0,0,0,0
3/17/20,Brazil,346,346,0,1.0,346,1.0,1,1,0,1.0,1,1.0,2,343,1,1,1,1,0,1,0,0,0,0
3/18/20,Brazil,529,183,346,1.3,264.5,1.3,4,3,1,0.2,2,0.2,,525,2,2,2,2,0,2,0,0,0,0
3/19/2020,Brazil,635,106,183,3.5,144.5,2.5,7,3,3,0.9,3,0.9,2,626,3,3,3,3,0,3,1,0,0,0
3/20/2020,Brazil,970,335,106,1.3,220.5,2.0,11,4,3,1.2,3.5,1.4,2,957,4,4,4,4,0,4,2,0,0,0
3/21/2020,Brazil,"1,178",208,335,3.2,271.5,2.5,18,7,4,1.1,5.5,1.4,2,1158,5,5,5,5,1,5,3,0,0,0
3/22/2020,Brazil,"1,201",23,208,35.2,115.5,7.0,18,0,7,1.8,1.1,2.3,2,1181,6,6,6,6,2,6,4,0,0,0
3/17/20,Brunei,56,56,0,1.0,56,1.0,0,0,0,1.0,0,1.0,0,56,1,1,0,0,0,0,0,0,0,0
3/18/20,Brunei,68,12,56,3.3,34,3.3,0,0,0,,0,,,68,2,2,0,0,0,0,0,0,0,0
3/19/2020,Brunei,73,5,12,9.5,8.5,5.6,0,0,0,,0,,0,73,3,3,0,0,0,0,0,0,0,0
3/20/2020,Brunei,78,5,5,10.2,5,10.2,0,0,0,,0,,1,77,4,4,0,0,0,0,0,0,0,0
3/21/2020,Brunei,83,5,5,10.8,5,10.8,0,0,0,,0,,1,82,5,5,0,0,0,0,0,0,0,0
3/22/2020,Brunei,88,5,5,11.5,5,11.5,0,0,0,,,,1,87,6,6,0,0,0,0,0,0,0,0
3/17/20,Bulgaria,81,81,0,1.0,81,1.0,2,2,0,1.0,2,1.0,0,79,1,1,0,0,0,1,0,0,0,0
3/18/20,Bulgaria,92,11,81,5.0,46,5.0,2,0,2,,1,,,90,2,2,0,0,0,2,0,0,0,0
3/19/2020,Bulgaria,107,15,11,4.2,13,4.8,3,1,0,1.4,0.5,2.8,0,104,3,3,1,0,0,3,0,0,0,0
3/20/2020,Bulgaria,127,20,15,3.6,17.5,4.2,3,0,1,,0.5,4.2,1,123,4,4,2,0,0,4,0,0,0,0
3/21/2020,Bulgaria,163,36,20,2.4,28,3.1,3,0,0,,0,,3,157,5,5,3,0,0,5,0,0,0,0
3/22/2020,Bulgaria,185,22,36,5.0,29,3.8,3,0,0,,,,3,179,6,6,4,0,0,6,0,0,0,0
3/17/20,Burkina Faso,15,15,0,1.0,15,1.0,0,0,0,1.0,0,1.0,0,15,1,1,0,0,0,0,0,0,0,0
3/18/20,Burkina Faso,20,5,15,2.1,10,2.1,1,1,0,,0.5,,,19,2,2,0,0,0,1,0,0,0,0
3/19/2020,Burkina Faso,33,13,5,1.0,9,1.5,1,0,1,,0.5,1.4,0,32,3,3,0,0,0,2,0,0,0,0
3/20/2020,Burkina Faso,40,7,13,3.2,10,2.2,1,0,0,,0,,4,35,4,4,0,0,0,3,0,0,0,0
3/21/2020,Burkina Faso,64,24,7,1.0,15.5,1.6,3,2,0,0.3,1,0.7,5,56,5,5,0,0,0,4,0,0,0,0
3/22/2020,Burkina Faso,75,11,24,3.6,17.5,2.2,4,1,2,2.1,1.5,1.4,5,66,6,6,0,0,0,5,0,0,0,0
3/17/20,Cambodia,33,33,0,1.0,33,1.0,0,0,0,1.0,0,1.0,1,32,1,1,0,0,0,0,0,0,0,0
3/18/20,Cambodia,37,4,33,5.6,18.5,5.6,0,0,0,,0,,,37,2,2,0,0,0,0,0,0,0,0
3/19/2020,Cambodia,37,0,4,,2,13.0,0,0,0,,0,,1,36,3,3,0,0,0,0,0,0,0,0
3/20/2020,Cambodia,51,14,0,1.8,7,3.6,0,0,0,,0,,1,50,4,4,0,0,0,0,0,0,0,0
3/21/2020,Cambodia,53,2,14,17.5,8,4.4,0,0,0,,0,,1,52,5,5,0,0,0,0,0,0,0,0
3/22/2020,Cambodia,84,31,2,1.2,16.5,2.2,0,0,0,,,,2,82,6,6,0,0,0,0,0,0,0,0
3/17/20,Cameroon,10,10,0,1.0,10,1.0,0,0,0,1.0,0,1.0,0,10,1,1,0,0,0,0,0,0,0,0
3/18/20,Cameroon,13,3,10,2.3,6.5,2.3,0,0,0,,0,,,13,2,2,0,0,0,0,0,0,0,0
3/19/2020,Cameroon,13,0,3,,1.5,6.1,0,0,0,,0,,0,13,3,3,0,0,0,0,0,0,0,0
3/20/2020,Cameroon,20,7,0,1.3,3.5,2.6,0,0,0,,0,,2,18,4,4,0,0,0,0,0,0,0,0
3/21/2020,Cameroon,27,7,7,1.8,7,1.8,0,0,0,,0,,2,25,5,5,0,0,0,0,0,0,0,0
3/22/2020,Cameroon,40,13,7,1.3,10,1.8,0,0,0,,,,2,38,6,6,0,0,0,0,0,0,0,0
3/17/20,Canada,598,598,0,1.0,598,1.0,8,8,0,1.0,8,1.0,11,579,1,1,1,1,0,1,1,0,0,0
3/18/20,Canada,727,129,598,3.1,363.5,3.1,9,1,8,5.6,4.5,5.6,3,715,2,2,2,2,0,2,2,0,0,0
3/19/2020,Canada,873,146,129,3.4,137.5,3.6,12,3,1,2.1,2,3.1,11,850,3,3,3,3,0,3,3,0,0,0
3/20/2020,Canada,"1,099",226,146,2.6,186,3.2,12,0,3,,1.5,5.6,11,1076,4,4,4,4,1,4,4,0,0,0
3/21/2020,Canada,"1,388",289,226,2.6,257.5,2.9,19,7,0,1.2,3.5,2.4,14,1355,5,5,5,5,2,5,5,0,0,0
3/22/2020,Canada,"1,378",-10,289,-94.8,139.5,6.8,21,2,7,6.7,4.5,3.0,18,1339,6,6,6,6,3,6,6,0,0,0
3/20/2020,Cape Verde,1,1,0,1.0,1,1.0,0,0,0,1.0,0,1.0,0,1,1,0,0,0,0,0,0,0,0,0
3/21/2020,Cape Verde,3,2,1,0.3,1.5,0.3,0,0,0,,0,,0,3,2,0,0,0,0,0,0,0,0,0
3/22/2020,Cape Verde,3,0,2,1.1,1.5,1.4,0,0,0,,,,0,3,3,0,0,0,0,0,0,0,0,0
3/17/20,Central African Republic,1,1,0,1.0,1,1.0,0,0,0,1.0,0,1.0,0,1,1,0,0,0,0,0,0,0,0,0
3/18/20,Central African Republic,1,0,1,,0.5,,0,0,0,,0,,,1,2,0,0,0,0,0,0,0,0,0
3/19/2020,Central African Republic,1,0,0,,0,,0,0,0,,0,,0,1,3,0,0,0,0,0,0,0,0,0
3/20/2020,Central African Republic,3,2,0,0.3,1,0.7,0,0,0,,0,,0,3,4,0,0,0,0,0,0,0,0,0
3/21/2020,Central African Republic,3,0,2,,1,2.1,0,0,0,,0,,0,3,5,0,0,0,0,0,0,0,0,0
3/22/2020,Central African Republic,3,0,0,,1,2.1,0,0,0,,,,0,3,6,0,0,0,0,0,0,0,0,0
3/19/2020,Chad,1,1,0,1.0,1,1.0,0,0,0,1.0,0,1.0,0,1,1,0,0,0,0,0,0,0,0,0
3/20/2020,Chad,1,0,1,,0.5,,0,0,0,,0,,0,1,2,0,0,0,0,0,0,0,0,0
3/21/2020,Chad,1,0,0,,0,,0,0,0,,0,,0,1,3,0,0,0,0,0,0,0,0,0
3/22/2020,Chad,1,0,0,,0,,0,0,0,,,,0,1,4,0,0,0,0,0,0,0,0,0
3/17/20,Chile,201,201,0,1.0,201,1.0,0,0,0,1.0,0,1.0,0,201,1,1,1,0,0,0,0,0,0,0
3/18/20,Chile,238,37,201,3.8,119,3.8,0,0,0,,0,,,238,2,2,2,0,0,0,0,0,0,0
3/19/2020,Chile,342,104,37,1.6,70.5,2.4,0,0,0,,0,,5,337,3,3,3,1,0,0,0,0,0,0
3/20/2020,Chile,434,92,104,2.6,98,2.4,0,0,0,,0,,6,428,4,4,4,2,0,0,0,0,0,0
3/21/2020,Chile,537,103,92,2.9,97.5,3.1,1,1,0,,0.5,,8,528,5,5,5,3,0,1,0,0,0,0
3/22/2020,Chile,632,95,103,3.9,99,3.7,1,0,1,0.7,,1.4,8,623,6,6,6,4,0,2,0,0,0,0
3/17/20,China,"80,894","80,894",0,1.0,"80,894",1.0,"3,237","3,237",0,1.0,"3,237",1.0,"69,614",8043,1,1,1,1,1,1,1,1,1,1
3/18/20,China,"80,928",34,"80,894",165.6,40464,165.6,"3,245",8,"3,237",283.2,1622.5,283.2,23,77660,2,2,2,2,2,2,2,2,2,2
3/19/2020,China,"80,967",39,34,1393.9,36.5,1489.4,"3,248",3,8,757.2,5.5,413.0,"71,150",6569,3,3,3,3,3,3,3,3,3,3
3/21/2020,China,"81,008",41,39,112.2,40,115.0,"3,255",7,3,324.8,5,454.7,"71,740",6013,4,4,4,4,4,4,4,4,4,4
3/22/2020,China,"81,054",46,41,91.5,43.5,96.8,"3,261",6,7,379.8,6.5,350.5,"72,244",5549,5,5,5,5,5,5,5,5,5,5
3/17/20,Colombia,65,65,0,1.0,65,1.0,0,0,0,1.0,0,1.0,1,64,1,1,0,0,0,0,0,0,0,0
3/18/20,Colombia,93,28,65,1.6,46.5,1.6,0,0,0,,0,,,93,2,2,0,0,0,0,0,0,0,0
3/19/2020,Colombia,108,15,28,4.3,21.5,3.0,0,0,0,,0,,1,107,3,3,1,0,0,0,0,0,0,0
3/20/2020,Colombia,145,37,15,2.0,26,2.9,0,0,0,,0,,1,144,4,4,2,0,0,0,0,0,0,0
3/21/2020,Colombia,196,51,37,2.0,44,2.3,0,0,0,,0,,1,195,5,5,3,0,0,0,0,0,0,0
3/22/2020,Colombia,231,35,51,3.9,43,3.2,2,2,0,,1,,3,226,6,6,4,0,0,1,0,0,0,0
3/17/20,Costa Rica,50,50,0,1.0,50,1.0,0,0,0,1.0,0,1.0,0,50,1,1,0,0,0,0,0,0,0,0
3/18/20,Costa Rica,69,19,50,1.8,34.5,1.8,1,1,0,,0.5,,,68,2,2,0,0,0,1,0,0,0,0
3/19/2020,Costa Rica,89,20,19,2.4,19.5,2.4,1,0,1,,0.5,1.4,0,88,3,3,0,0,0,2,0,0,0,0
3/20/2020,Costa Rica,113,24,20,2.6,22,2.8,2,1,0,0.7,0.5,1.4,0,111,4,4,1,0,0,3,0,0,0,0
3/21/2020,Costa Rica,117,4,24,19.4,14,5.6,2,0,1,,0.5,2.8,2,113,5,5,2,0,0,4,0,0,0,0
3/22/2020,Costa Rica,117,0,4,19.8,14,5.7,2,0,0,,,2.8,2,113,6,6,3,0,0,5,0,0,0,0
3/17/20,Croatia,69,69,0,1.0,69,1.0,0,0,0,1.0,0,1.0,5,64,1,1,0,0,0,0,0,0,0,0
3/18/20,Croatia,89,20,69,2.2,44.5,2.2,0,0,0,,0,,,89,2,2,0,0,0,0,0,0,0,0
3/19/2020,Croatia,110,21,20,3.0,20.5,3.0,0,0,0,,0,,5,105,3,3,1,0,0,0,0,0,0,0
3/20/2020,Croatia,128,18,21,4.1,19.5,3.8,0,0,0,,0,,5,123,4,4,2,0,0,0,0,0,0,0
3/21/2020,Croatia,206,78,18,1.1,48,1.8,0,0,0,,0,,5,201,5,5,3,0,0,0,0,0,0,0
3/22/2020,Croatia,254,48,78,2.9,63,2.2,0,0,0,,,,5,249,6,6,4,1,0,0,0,0,0,0
3/17/20,Cuba,5,5,0,1.0,5,1.0,0,0,0,1.0,0,1.0,0,5,1,1,0,0,0,0,0,0,0,0
3/18/20,Cuba,10,5,5,0.7,5,0.7,0,0,0,,0,,,10,2,2,0,0,0,0,0,0,0,0
3/19/2020,Cuba,11,1,5,7.0,3,2.3,1,1,0,,0.5,,0,10,3,3,0,0,0,1,0,0,0,0
3/20/2020,Cuba,16,5,1,1.4,3,2.3,1,0,1,,0.5,1.4,0,15,4,4,0,0,0,2,0,0,0,0
3/21/2020,Cuba,21,5,5,2.1,5,2.1,1,0,0,,0,,0,20,5,5,0,0,0,3,0,0,0,0
3/22/2020,Cuba,21,0,5,2.8,5,2.8,1,0,0,,,,0,20,6,6,0,0,0,4,0,0,0,0
3/17/20,Cyprus,49,49,0,1.0,49,1.0,0,0,0,1.0,0,1.0,0,49,1,1,0,0,0,0,0,0,0,0
3/18/20,Cyprus,58,9,49,3.8,29,3.8,0,0,0,,0,,,58,2,2,0,0,0,0,0,0,0,0
3/19/2020,Cyprus,100,42,9,1.0,25.5,1.6,0,0,0,,0,,0,100,3,3,1,0,0,0,0,0,0,0
3/20/2020,Cyprus,75,-25,42,-2.8,8.5,8.2,0,0,0,,0,,0,75,4,4,2,0,0,0,0,0,0,0
3/21/2020,Cyprus,75,0,-25,,-12.5,-4.2,0,0,0,,0,,0,75,5,5,3,0,0,0,0,0,0,0
3/22/2020,Cyprus,75,0,0,,-12.5,-4.2,0,0,0,,,,0,75,6,6,4,0,0,0,0,0,0,0
3/17/20,Czech Republic,434,434,0,1.0,434,1.0,0,0,0,1.0,0,1.0,3,431,1,1,1,1,0,0,0,0,0,0
3/18/20,Czech Republic,522,88,434,3.4,261,3.4,0,0,0,,0,,,522,2,2,2,2,0,0,0,0,0,0
3/19/2020,Czech Republic,694,172,88,2.1,130,2.8,0,0,0,,0,,3,691,3,3,3,3,0,0,0,0,0,0
3/20/2020,Czech Republic,833,139,172,3.5,155.5,3.1,0,0,0,,0,,4,829,4,4,4,4,0,0,0,0,0,0
3/21/2020,Czech Republic,995,162,139,3.6,150.5,3.9,0,0,0,,0,,6,989,5,5,5,5,0,0,0,0,0,0
3/22/2020,Czech Republic,"1,120",125,162,5.5,143.5,4.8,0,0,0,,,,6,1114,6,6,6,6,1,0,0,0,0,0
3/17/20,Denmark,"1,025","1,025",0,1.0,"1,025",1.0,4,4,0,1.0,4,1.0,,1021,1,1,1,1,1,1,0,0,0,0
3/18/20,Denmark,1117,92,"1,025",7.8,558.5,7.8,4,0,4,,2,,,1113,2,2,2,2,2,2,0,0,0,0
3/19/2020,Denmark,"1,225",108,92,7.2,100,7.8,6,2,0,1.4,1,2.8,,1219,3,3,3,3,3,3,1,0,0,0
3/20/2020,Denmark,"1,337",112,108,7.6,110,7.8,9,3,2,1.4,2.5,1.7,,1328,4,4,4,4,4,4,2,0,0,0
3/21/2020,Denmark,"1,420",83,112,11.2,97.5,9.5,13,4,3,1.6,3.5,1.8,,1407,5,5,5,5,5,5,3,0,0,0
3/22/2020,Denmark,"1,512",92,83,10.7,87.5,11.3,13,0,4,2.3,1.6,2.6,,1499,6,6,6,6,6,6,4,0,0,0
3/17/20,Diamond Princess,712,712,0,1.0,712,1.0,7,7,0,1.0,7,1.0,508,197,1,1,1,1,0,1,1,0,0,0
3/18/20,Diamond Princess,712,0,712,,356,,7,0,7,,3.5,,,705,2,2,2,2,0,2,2,0,0,0
3/19/2020,Diamond Princess,712,0,0,,0,,8,1,0,4.9,0.5,9.8,551,153,3,3,3,3,0,3,3,0,0,0
3/20/2020,Diamond Princess,712,0,0,,0,,8,0,1,,0.5,11.2,567,137,4,4,4,4,0,4,4,0,0,0
3/21/2020,Diamond Princess,712,0,0,,0,,9,1,0,5.6,0.5,11.2,567,136,5,5,5,5,0,5,5,0,0,0
3/22/2020,Diamond Princess,712,0,0,,0,,9,0,1,6.3,5.6,12.6,574,129,6,6,6,6,0,6,6,0,0,0
3/18/20,Djibouti,1,1,0,1.0,1,1.0,0,0,0,1.0,0,1.0,,1,1,0,0,0,0,0,0,0,0,0
3/19/2020,Djibouti,1,0,1,,0.5,,0,0,0,,0,,0,1,2,0,0,0,0,0,0,0,0,0
3/20/2020,Djibouti,1,0,0,,0,,0,0,0,,0,,0,1,3,0,0,0,0,0,0,0,0,0
3/21/2020,Djibouti,1,0,0,,0,,0,0,0,,0,,0,1,4,0,0,0,0,0,0,0,0,0
3/22/2020,Djibouti,1,0,0,,0,,0,0,0,,,,0,1,5,0,0,0,0,0,0,0,0,0
3/17/20,Dominican Republic,21,21,0,1.0,21,1.0,1,1,0,1.0,1,1.0,0,20,1,1,0,0,0,1,0,0,0,0
3/18/20,Dominican Republic,34,13,21,1.1,17,1.1,2,1,1,0.7,1,0.7,,32,2,2,0,0,0,2,0,0,0,0
3/19/2020,Dominican Republic,34,0,13,,6.5,3.4,2,0,1,,0.5,2.8,0,32,3,3,0,0,0,3,0,0,0,0
3/20/2020,Dominican Republic,72,38,0,0.6,19,1.2,2,0,0,,0,,0,70,4,4,0,0,0,4,0,0,0,0
3/21/2020,Dominican Republic,112,40,38,1.2,39,1.3,3,1,0,1.4,0.5,2.8,0,109,5,5,1,0,0,5,0,0,0,0
3/22/2020,Dominican Republic,202,90,40,0.8,65,1.2,3,0,1,2.1,1.4,4.2,0,199,6,6,2,0,0,6,0,0,0,0
3/17/20,DR Congo,3,3,0,1.0,3,1.0,0,0,0,1.0,0,1.0,0,3,1,0,0,0,0,0,0,0,0,0
3/18/20,DR Congo,7,4,3,0.5,3.5,0.5,0,0,0,,0,,,7,2,1,0,0,0,0,0,0,0,0
3/19/2020,DR Congo,14,7,4,0.7,5.5,0.9,0,0,0,,0,,0,14,3,2,0,0,0,0,0,0,0,0
3/20/2020,DR Congo,18,4,7,2.5,5.5,1.8,0,0,0,,0,,0,18,4,3,0,0,0,0,0,0,0,0
3/21/2020,DR Congo,23,5,4,2.5,4.5,2.8,1,1,0,,0.5,,0,22,5,4,0,0,0,1,0,0,0,0
3/22/2020,DR Congo,23,0,5,3.1,4.5,3.4,1,0,1,0.7,,1.4,0,22,6,5,0,0,0,2,0,0,0,0
3/21/2020,East Timor,1,1,0,1.0,1,1.0,0,0,0,1.0,0,1.0,0,1,1,0,0,0,0,0,0,0,0,0
3/22/2020,East Timor,1,0,1,0.7,1,0.7,0,0,0,,1,,0,1,2,0,0,0,0,0,0,0,0,0
3/17/20,Ecuador,111,111,0,1.0,111,1.0,2,2,0,1.0,2,1.0,0,109,1,1,1,0,0,1,0,0,0,0
3/18/20,Ecuador,155,44,111,1.7,77.5,1.7,2,0,2,,1,,,153,2,2,2,0,0,2,0,0,0,0
3/19/2020,Ecuador,260,105,44,1.0,74.5,1.4,4,2,0,0.7,1,1.4,3,253,3,3,3,1,0,3,0,0,0,0
3/20/2020,Ecuador,426,166,105,1.1,135.5,1.3,7,3,2,0.9,2.5,1.1,3,416,4,4,4,2,0,4,1,0,0,0
3/21/2020,Ecuador,532,106,166,2.7,136,2.1,7,0,3,,1.5,3.3,3,522,5,5,5,3,0,5,2,0,0,0
3/22/2020,Ecuador,789,257,106,1.4,181.5,2.0,14,7,0,0.7,3.5,1.4,3,772,6,6,6,4,0,6,3,0,0,0
3/17/20,Egypt,196,196,0,1.0,196,1.0,6,6,0,1.0,6,1.0,32,158,1,1,1,0,0,1,1,0,0,0
3/18/20,Egypt,210,14,196,7.9,105,7.9,6,0,6,,3,,,204,2,2,2,0,0,2,2,0,0,0
3/19/2020,Egypt,256,46,14,3.1,30,4.8,7,1,0,4.2,0.5,8.4,42,207,3,3,3,1,0,3,3,0,0,0
3/20/2020,Egypt,285,29,46,5.0,37.5,3.9,8,1,1,4.9,1,4.9,42,235,4,4,4,2,0,4,4,0,0,0
3/21/2020,Egypt,294,9,29,18.3,19,8.7,10,2,1,2.8,1.5,3.7,41,243,5,5,5,3,0,5,5,0,0,0
3/22/2020,Egypt,294,0,9,18.9,19,9.0,10,0,2,3.5,2.8,4.7,41,243,6,6,6,4,0,6,6,0,0,0
3/18/20,El Salvador,1,1,0,1.0,1,1.0,0,0,0,1.0,0,1.0,,1,1,0,0,0,0,0,0,0,0,0
3/19/2020,El Salvador,1,0,1,,0.5,,0,0,0,,0,,0,1,2,0,0,0,0,0,0,0,0,0
3/20/2020,El Salvador,1,0,0,,0,,0,0,0,,0,,0,1,3,0,0,0,0,0,0,0,0,0
3/21/2020,El Salvador,3,2,0,0.3,1,0.7,0,0,0,,0,,0,3,4,0,0,0,0,0,0,0,0,0
3/22/2020,El Salvador,3,0,2,1.1,1,2.1,0,0,0,,,,0,3,5,0,0,0,0,0,0,0,0,0
3/17/20,Equatorial Guinea,1,1,0,1.0,1,1.0,0,0,0,1.0,0,1.0,0,1,1,0,0,0,0,0,0,0,0,0
3/18/20,Equatorial Guinea,4,3,1,0.2,2,0.2,0,0,0,,0,,,4,2,0,0,0,0,0,0,0,0,0
3/19/2020,Equatorial Guinea,6,2,3,1.4,2.5,1.1,0,0,0,,0,,0,6,3,1,0,0,0,0,0,0,0,0
3/20/2020,Equatorial Guinea,6,0,2,,1,4.2,0,0,0,,0,,0,6,4,2,0,0,0,0,0,0,0,0
3/21/2020,Equatorial Guinea,6,0,0,,0,,0,0,0,,0,,0,6,5,3,0,0,0,0,0,0,0,0
3/22/2020,Equatorial Guinea,6,0,0,,0,,0,0,0,,,,0,6,6,4,0,0,0,0,0,0,0,0
3/21/2020,Eritrea,1,1,0,1.0,1,1.0,0,0,0,1.0,0,1.0,0,1,1,0,0,0,0,0,0,0,0,0
3/22/2020,Eritrea,1,0,1,0.7,1,0.7,0,0,0,,1,,0,1,2,0,0,0,0,0,0,0,0,0
3/17/20,Estonia,225,225,0,1.0,225,1.0,0,0,0,1.0,0,1.0,1,224,1,1,1,0,0,0,0,0,0,0
3/18/20,Estonia,258,33,225,4.8,129,4.8,0,0,0,,0,,,258,2,2,2,1,0,0,0,0,0,0
3/19/2020,Estonia,267,9,33,20.1,21,8.6,0,0,0,,0,,1,266,3,3,3,2,0,0,0,0,0,0
3/20/2020,Estonia,283,16,9,11.6,12.5,14.9,0,0,0,,0,,1,282,4,4,4,3,0,0,0,0,0,0
3/21/2020,Estonia,306,23,16,8.6,19.5,10.1,0,0,0,,0,,2,304,5,5,5,4,0,0,0,0,0,0
3/22/2020,Estonia,326,20,23,10.6,21.5,9.9,0,0,0,,,,4,322,6,6,6,5,0,0,0,0,0,0
3/17/20,Eswatini,1,1,0,1.0,1,1.0,0,0,0,1.0,0,1.0,0,1,1,0,0,0,0,0,0,0,0,0
3/18/20,Eswatini,1,0,1,,0.5,,0,0,0,,0,,,1,2,0,0,0,0,0,0,0,0,0
3/19/2020,Eswatini,1,0,0,,0,,0,0,0,,0,,0,1,3,0,0,0,0,0,0,0,0,0
3/20/2020,Eswatini,1,0,0,,0,,0,0,0,,0,,0,1,4,0,0,0,0,0,0,0,0,0
3/21/2020,Eswatini,1,0,0,,0,,0,0,0,,0,,0,1,5,0,0,0,0,0,0,0,0,0
3/22/2020,Eswatini,4,3,0,0.2,1.5,0.5,0,0,0,,,,0,4,6,0,0,0,0,0,0,0,0,0
3/17/20,Ethiopia,5,5,0,1.0,5,1.0,0,0,0,1.0,0,1.0,0,5,1,1,0,0,0,0,0,0,0,0
3/18/20,Ethiopia,6,1,5,3.5,3,3.5,0,0,0,,0,,,6,2,2,0,0,0,0,0,0,0,0
3/19/2020,Ethiopia,7,1,1,4.2,1,4.2,0,0,0,,0,,0,7,3,3,0,0,0,0,0,0,0,0
3/20/2020,Ethiopia,9,2,1,2.5,1.5,3.3,0,0,0,,0,,0,9,4,4,0,0,0,0,0,0,0,0
3/21/2020,Ethiopia,9,0,2,,1,6.3,0,0,0,,0,,0,9,5,5,0,0,0,0,0,0,0,0
3/22/2020,Ethiopia,11,2,0,3.1,1,6.3,0,0,0,,,,0,11,6,6,0,0,0,0,0,0,0,0
3/18/20,Fiji,1,1,0,1.0,1,1.0,0,0,0,1.0,0,1.0,,1,1,0,0,0,0,0,0,0,0,0
3/19/2020,Fiji,1,0,1,,0.5,,0,0,0,,0,,0,1,2,0,0,0,0,0,0,0,0,0
3/20/2020,Fiji,1,0,0,,0,,0,0,0,,0,,0,1,3,0,0,0,0,0,0,0,0,0
3/21/2020,Fiji,2,1,0,0.7,0.5,1.4,0,0,0,,0,,0,2,4,0,0,0,0,0,0,0,0,0
3/22/2020,Fiji,2,0,1,1.4,0.5,2.8,0,0,0,,,,0,2,5,0,0,0,0,0,0,0,0,0
3/17/20,Finland,322,322,0,1.0,322,1.0,0,0,0,1.0,0,1.0,10,312,1,1,1,1,0,0,0,0,0,0
3/18/20,Finland,359,37,322,5.9,179.5,5.9,0,0,0,,0,,0,359,2,2,2,2,0,0,0,0,0,0
3/19/2020,Finland,400,41,37,6.1,39,6.4,0,0,0,,0,,10,390,3,3,3,3,0,0,0,0,0,0
3/20/2020,Finland,450,50,41,5.5,45.5,6.0,0,0,0,,0,,10,440,4,4,4,4,0,0,0,0,0,0
3/21/2020,Finland,523,73,50,4.2,61.5,5.0,1,1,0,,0.5,,10,512,5,5,5,5,0,1,0,0,0,0
3/22/2020,Finland,626,103,73,3.5,88,4.1,1,0,1,0.7,,1.4,10,615,6,6,6,6,0,2,0,0,0,0
3/17/20,France,"7,730","7,730",0,1.0,"7,730",1.0,175,175,0,1.0,175,1.0,602,6953,1,1,1,1,1,1,1,1,0,0
3/18/20,France,"9,134",1404,"7,730",3.5,4567,3.5,264,89,175,1.4,132,1.4,39,8831,2,2,2,2,2,2,2,2,1,0
3/19/2020,France,"10,995",1861,1404,3.3,1632.5,3.8,372,108,89,1.7,98.5,1.9,"1,300",9323,3,3,3,3,3,3,3,3,2,0
3/20/2020,France,12612,1617,1861,4.0,1739,3.8,450,78,108,3.3,93,2.8,"1,300",10862,4,4,4,4,4,4,4,4,3,0
3/21/2020,France,"14,459",1847,1617,4.1,1732,4.4,562,112,78,2.8,95,3.3,"1,587",12310,5,5,5,5,5,5,5,5,4,0
3/22/2020,France,"14,459",0,1847,4.7,1732,5.0,562,0,112,3.5,2.8,4.1,"1,587",12310,6,6,6,6,6,6,6,6,5,0
3/17/20,Gabon,1,1,0,1.0,1,1.0,0,0,0,1.0,0,1.0,0,1,1,0,0,0,0,0,0,0,0,0
3/18/20,Gabon,3,2,1,0.3,1.5,0.3,0,0,0,,0,,,3,2,0,0,0,0,0,0,0,0,0
3/19/2020,Gabon,3,0,2,,1,2.1,0,0,0,,0,,0,3,3,0,0,0,0,0,0,0,0,0
3/20/2020,Gabon,4,1,0,2.1,0.5,4.2,0,0,0,,0,,0,4,4,0,0,0,0,0,0,0,0,0
3/21/2020,Gabon,4,0,1,,0.5,5.6,0,0,0,,0,,0,4,5,0,0,0,0,0,0,0,0,0
3/22/2020,Gabon,4,0,0,,0.5,5.6,0,0,0,,,,0,4,6,0,0,0,0,0,0,0,0,0
3/17/20,Gambia,1,1,0,1.0,1,1.0,0,0,0,1.0,0,1.0,0,1,1,0,0,0,0,0,0,0,0,0
3/18/20,Gambia,1,0,1,,0.5,,0,0,0,,0,,,1,2,0,0,0,0,0,0,0,0,0
3/19/2020,Gambia,1,0,0,,0,,0,0,0,,0,,0,1,3,0,0,0,0,0,0,0,0,0
3/20/2020,Gambia,1,0,0,,0,,0,0,0,,0,,0,1,4,0,0,0,0,0,0,0,0,0
3/21/2020,Gambia,1,0,0,,0,,0,0,0,,0,,0,1,5,0,0,0,0,0,0,0,0,0
3/22/2020,Gambia,1,0,0,,0,,0,0,0,,,,0,1,6,0,0,0,0,0,0,0,0,0
3/17/20,Georgia,35,35,0,1.0,35,1.0,0,0,0,1.0,0,1.0,1,34,1,1,0,0,0,0,0,0,0,0
3/18/20,Georgia,38,3,35,7.9,19,7.9,0,0,0,,0,,,38,2,2,0,0,0,0,0,0,0,0
3/19/2020,Georgia,40,2,3,13.3,2.5,10.6,0,0,0,,0,,1,39,3,3,0,0,0,0,0,0,0,0
3/20/2020,Georgia,43,3,2,9.1,2.5,10.9,0,0,0,,0,,1,42,4,4,0,0,0,0,0,0,0,0
3/21/2020,Georgia,49,6,3,4.9,4.5,6.5,0,0,0,,0,,1,48,5,5,0,0,0,0,0,0,0,0
3/22/2020,Georgia,54,5,6,6.7,5.5,6.1,0,0,0,,,,3,51,6,6,0,0,0,0,0,0,0,0
3/17/20,Germany,"9,360","9,360",0,1.0,"9,360",1.0,26,26,0,1.0,26,1.0,71,9263,1,1,1,1,1,1,1,0,0,0
3/18/20,Germany,12327,2967,"9,360",2.2,6163.5,2.2,28,2,26,9.1,14,9.1,3,12296,2,2,2,2,2,2,2,0,0,0
3/19/2020,Germany,15320,2993,2967,2.9,2980,2.9,44,16,2,1.2,9,2.2,115,15161,3,3,3,3,3,3,3,0,0,0
3/20/2020,Germany,19848,4528,2993,2.3,3760.5,2.8,68,24,16,1.3,20,1.5,180,19600,4,4,4,4,4,4,4,0,0,0
3/21/2020,Germany,"22,364",2516,4528,5.5,3522,3.9,84,16,24,3.0,20,2.4,239,22041,5,5,5,5,5,5,5,0,0,0
3/22/2020,Germany,"24,809",2445,2516,6.3,2480.5,6.2,93,9,16,6.5,12.5,4.7,266,24450,6,6,6,6,6,6,6,0,0,0
3/17/20,Ghana,6,6,0,1.0,6,1.0,0,0,0,1.0,0,1.0,0,6,1,1,0,0,0,0,0,0,0,0
3/18/20,Ghana,7,1,6,4.2,3.5,4.2,0,0,0,,0,,,7,2,2,0,0,0,0,0,0,0,0
3/19/2020,Ghana,11,4,1,1.2,2.5,2.0,0,0,0,,0,,0,11,3,3,0,0,0,0,0,0,0,0
3/20/2020,Ghana,16,5,4,1.5,4.5,1.7,0,0,0,,0,,0,16,4,4,0,0,0,0,0,0,0,0
3/21/2020,Ghana,21,5,5,2.2,5,2.2,1,1,0,,0.5,,0,20,5,5,0,0,0,1,0,0,0,0
3/22/2020,Ghana,21,0,5,2.8,5,2.8,1,0,1,0.7,,1.4,0,20,6,6,0,0,0,2,0,0,0,0
3/17/20,Greece,387,387,0,1.0,387,1.0,5,5,0,1.0,5,1.0,10,372,1,1,1,1,0,1,1,0,0,0
3/18/20,Greece,418,31,387,8.4,209,8.4,5,0,5,,2.5,,,413,2,2,2,2,0,2,2,0,0,0
3/19/2020,Greece,464,46,31,6.3,38.5,7.5,6,1,0,3.5,0.5,7.0,19,439,3,3,3,3,0,3,3,0,0,0
3/20/2020,Greece,495,31,46,9.9,38.5,8.0,10,4,1,1.1,2.5,1.7,19,466,4,4,4,4,0,4,4,0,0,0
3/21/2020,Greece,530,35,31,9.3,33,9.9,13,3,4,2.3,3.5,2.0,19,498,5,5,5,5,0,5,5,0,0,0
3/22/2020,Greece,624,94,35,3.7,64.5,5.4,15,2,3,4.5,2.5,3.6,19,590,6,6,6,6,0,6,6,0,0,0
3/17/20,Guatemala,8,8,0,1.0,8,1.0,1,1,0,1.0,1,1.0,0,7,1,1,0,0,0,1,0,0,0,0
3/18/20,Guatemala,8,0,8,,4,,1,0,1,,0.5,,,7,2,2,0,0,0,2,0,0,0,0
3/19/2020,Guatemala,9,1,0,4.9,0.5,9.8,1,0,0,,0,,0,8,3,3,0,0,0,3,0,0,0,0
3/20/2020,Guatemala,12,3,1,1.9,2,2.8,1,0,0,,0,,0,11,4,4,0,0,0,4,0,0,0,0
3/21/2020,Guatemala,17,5,3,1.5,4,1.9,1,0,0,,0,,0,16,5,5,0,0,0,5,0,0,0,0
3/22/2020,Guatemala,17,0,5,2.2,4,2.8,1,0,0,,,,0,16,6,6,0,0,0,6,0,0,0,0
3/20/2020,Guernsey,2,2,0,1.0,2,1.0,0,0,0,1.0,0,1.0,0,2,1,0,0,0,0,0,0,0,0,0
3/21/2020,Guernsey,17,15,2,0.1,8.5,0.1,0,0,0,,0,,0,17,2,1,0,0,0,0,0,0,0,0
3/22/2020,Guernsey,20,3,15,4.0,9,1.3,0,0,0,,,,0,20,3,2,0,0,0,0,0,0,0,0
3/17/20,Guinea,1,1,0,1.0,1,1.0,0,0,0,1.0,0,1.0,0,1,1,0,0,0,0,0,0,0,0,0
3/18/20,Guinea,1,0,1,,0.5,,0,0,0,,0,,,1,2,0,0,0,0,0,0,0,0,0
3/19/2020,Guinea,1,0,0,,0,,0,0,0,,0,,0,1,3,0,0,0,0,0,0,0,0,0
3/20/2020,Guinea,1,0,0,,0,,0,0,0,,0,,0,1,4,0,0,0,0,0,0,0,0,0
3/21/2020,Guinea,1,0,0,,0,,0,0,0,,0,,0,1,5,0,0,0,0,0,0,0,0,0
3/22/2020,Guinea,2,1,0,0.7,0.5,1.4,0,0,0,,,,1,1,6,0,0,0,0,0,0,0,0,0
3/17/20,Guyana,7,7,0,1.0,7,1.0,1,1,0,1.0,1,1.0,0,6,1,1,0,0,0,1,0,0,0,0
3/18/20,Guyana,4,-3,7,-1.4,2,-1.4,1,0,1,,0.5,,,3,2,2,0,0,0,2,0,0,0,0
3/19/2020,Guyana,4,0,-3,,-1.5,-1.4,1,0,0,,0,,0,3,3,3,0,0,0,3,0,0,0,0
3/20/2020,Guyana,15,11,0,0.2,5.5,0.4,1,0,0,,0,,0,14,4,4,0,0,0,4,0,0,0,0
3/21/2020,Guyana,4,-11,11,-0.9,0,,1,0,0,,0,,0,3,5,5,0,0,0,5,0,0,0,0
3/22/2020,Guyana,4,0,-11,-0.2,0,,1,0,0,,,,0,3,6,6,0,0,0,6,0,0,0,0
3/19/2020,Haiti,2,2,0,1.0,2,1.0,0,0,0,1.0,0,1.0,0,2,1,0,0,0,0,0,0,0,0,0
3/20/2020,Haiti,2,0,2,,1,,0,0,0,,0,,0,2,2,0,0,0,0,0,0,0,0,0
3/21/2020,Haiti,2,0,0,,0,,0,0,0,,0,,0,2,3,0,0,0,0,0,0,0,0,0
3/22/2020,Haiti,2,0,0,,0,,0,0,0,,,,0,2,4,0,0,0,0,0,0,0,0,0
3/17/20,Honduras,6,6,0,1.0,6,1.0,0,0,0,1.0,0,1.0,0,6,1,1,0,0,0,0,0,0,0,0
3/18/20,Honduras,9,3,6,1.4,4.5,1.4,0,0,0,,0,,,9,2,2,0,0,0,0,0,0,0,0
3/19/2020,Honduras,12,3,3,2.1,3,2.1,0,0,0,,0,,0,12,3,3,0,0,0,0,0,0,0,0
3/20/2020,Honduras,24,12,3,0.7,7.5,1.1,0,0,0,,0,,0,24,4,4,0,0,0,0,0,0,0,0
3/21/2020,Honduras,24,0,12,,6,2.8,0,0,0,,0,,0,24,5,5,0,0,0,0,0,0,0,0
3/22/2020,Honduras,26,2,0,8.4,1,16.8,0,0,0,,,,0,26,6,6,0,0,0,0,0,0,0,0
3/17/20,Hong Kong,167,167,0,1.0,167,1.0,4,4,0,1.0,4,1.0,92,71,1,1,1,0,0,1,0,0,0,0
3/18/20,Hong Kong,192,25,167,2.0,96,2.0,4,0,4,,2,,,188,2,2,2,0,0,2,0,0,0,0
3/19/2020,Hong Kong,208,16,25,8.2,20.5,6.4,4,0,0,,0,,98,106,3,3,3,0,0,3,0,0,0,0
3/20/2020,Hong Kong,256,48,16,1.5,32,2.3,4,0,0,,0,,98,154,4,4,4,1,0,4,0,0,0,0
3/21/2020,Hong Kong,273,17,48,6.3,32.5,3.3,4,0,0,,0,,100,169,5,5,5,2,0,5,0,0,0,0
3/22/2020,Hong Kong,317,44,17,2.7,30.5,3.9,4,0,0,,,,100,213,6,6,6,3,0,6,0,0,0,0
3/17/20,Hungary,50,50,0,1.0,50,1.0,1,1,0,1.0,1,1.0,2,47,1,1,0,0,0,1,0,0,0,0
3/18/20,Hungary,58,8,50,4.1,29,4.1,1,0,1,,0.5,,,57,2,2,0,0,0,2,0,0,0,0
3/19/2020,Hungary,73,15,8,2.7,11.5,3.5,1,0,0,,0,,2,70,3,3,0,0,0,3,0,0,0,0
3/20/2020,Hungary,85,12,15,4.1,13.5,3.6,4,3,0,0.2,1.5,0.5,7,74,4,4,0,0,0,4,0,0,0,0
3/21/2020,Hungary,103,18,12,2.9,15,3.5,4,0,3,,1.5,1.9,7,92,5,5,1,0,0,5,0,0,0,0
3/22/2020,Hungary,131,28,18,2.3,23,2.8,6,2,0,1.4,1,2.8,16,109,6,6,2,0,0,6,1,0,0,0
3/17/20,Iceland,247,247,0,1.0,247,1.0,0,0,0,1.0,0,1.0,0,247,1,1,1,0,0,0,0,0,0,0
3/18/20,Iceland,250,3,247,57.6,125,57.6,0,0,0,,0,,0,250,2,2,2,1,0,0,0,0,0,0
3/19/2020,Iceland,330,80,3,2.2,41.5,4.2,0,0,0,,0,,5,325,3,3,3,2,0,0,0,0,0,0
3/20/2020,Iceland,409,79,80,2.9,79.5,2.9,0,0,0,,0,,22,387,4,4,4,3,0,0,0,0,0,0
3/21/2020,Iceland,473,64,79,4.2,71.5,3.8,0,0,0,,0,,22,451,5,5,5,4,0,0,0,0,0,0
3/22/2020,Iceland,568,95,64,3.3,79.5,4.0,0,0,0,,,,36,532,6,6,6,5,0,0,0,0,0,0
3/17/20,India,147,147,0,1.0,147,1.0,3,3,0,1.0,3,1.0,14,130,1,1,1,0,0,1,0,0,0,0
3/18/20,India,151,4,147,22.8,75.5,22.8,3,0,3,,1.5,,,148,2,2,2,0,0,2,0,0,0,0
3/19/2020,India,194,43,4,2.4,23.5,4.4,4,1,0,2.1,0.5,4.2,20,170,3,3,3,0,0,3,0,0,0,0
3/20/2020,India,258,64,43,1.9,53.5,2.2,5,1,1,2.8,1,2.8,23,230,4,4,4,1,0,4,1,0,0,0
3/21/2020,India,315,57,64,2.8,60.5,2.7,4,-1,1,-3.5,0,,22,289,5,5,5,2,0,5,2,0,0,0
3/22/2020,India,360,45,57,4.5,51,4.0,7,3,-1,0.9,1,2.8,24,329,6,6,6,3,0,6,3,0,0,0
3/17/20,Indonesia,172,172,0,1.0,172,1.0,5,5,0,1.0,5,1.0,9,158,1,1,1,0,0,1,1,0,0,0
3/18/20,Indonesia,227,55,172,2.0,113.5,2.0,19,14,5,0.3,9.5,0.3,,208,2,2,2,0,0,2,2,0,0,0
3/19/2020,Indonesia,309,82,55,1.8,68.5,2.1,25,6,14,2.2,10,1.3,15,269,3,3,3,1,0,3,3,0,0,0
3/20/2020,Indonesia,369,60,82,3.1,71,2.7,32,7,6,2.5,6.5,2.7,17,320,4,4,4,2,0,4,4,0,0,0
3/21/2020,Indonesia,450,81,60,2.8,70.5,3.2,38,6,7,3.7,6.5,3.4,20,392,5,5,5,3,0,5,5,0,0,0
3/22/2020,Indonesia,514,64,81,4.3,72.5,3.8,48,10,6,2.7,8,3.3,29,437,6,6,6,4,0,6,6,0,0,0
3/17/20,Iran,16169,16169,0,1.0,16169,1.0,988,988,0,1.0,988,1.0,5389,9792,1,1,1,1,1,1,1,1,1,0
3/18/20,Iran,17361,1192,16169,5.8,8680.5,5.8,1135,147,988,4.7,567.5,4.7,140,16086,2,2,2,2,2,2,2,2,2,1
3/19/2020,Iran,18407,1046,1192,10.8,1119,10.1,1284,149,147,5.3,148,5.4,"5,979",11144,3,3,3,3,3,3,3,3,3,2
3/20/2020,Iran,19644,1237,1046,6.3,1141.5,6.8,1433,149,149,6.0,149,6.0,"5,979",12232,4,4,4,4,4,4,4,4,4,3
3/21/2020,Iran,"20,610",966,1237,8.9,1101.5,7.8,"1,556",123,149,8.2,136,7.4,"7,635",11419,5,5,5,5,5,5,5,5,5,4
3/22/2020,Iran,"21,638",1028,966,7.8,997,8.0,"1,685",129,123,8.4,126,8.6,"7,913",12040,6,6,6,6,6,6,6,6,6,5
3/17/20,Iraq,154,154,0,1.0,154,1.0,11,11,0,1.0,11,1.0,41,102,1,1,1,0,0,1,1,0,0,0
3/18/20,Iraq,164,10,154,7.1,82,7.1,12,1,11,7.7,6,7.7,,152,2,2,2,0,0,2,2,0,0,0
3/19/2020,Iraq,192,28,10,3.8,19,5.6,12,0,1,,0.5,16.8,41,139,3,3,3,0,0,3,3,0,0,0
3/20/2020,Iraq,208,16,28,6.1,22,4.4,17,5,0,1.7,2.5,3.4,49,142,4,4,4,0,0,4,4,0,0,0
3/21/2020,Iraq,214,6,16,16.6,11,9.0,17,0,5,,2.5,4.8,51,146,5,5,5,0,0,5,5,0,0,0
3/22/2020,Iraq,233,19,6,5.4,12.5,8.2,20,3,0,4.0,1.5,7.9,57,156,6,6,6,0,0,6,6,0,0,0
3/17/20,Ireland,292,292,0,1.0,292,1.0,2,2,0,1.0,2,1.0,5,285,1,1,1,1,0,1,0,0,0,0
3/18/20,Ireland,366,74,292,2.7,183,2.7,2,0,2,,1,,,364,2,2,2,2,0,2,0,0,0,0
3/19/2020,Ireland,557,191,74,1.3,132.5,1.9,3,1,0,1.4,0.5,2.8,5,549,3,3,3,3,0,3,0,0,0,0
3/20/2020,Ireland,683,126,191,3.1,158.5,2.4,3,0,1,,0.5,4.2,5,675,4,4,4,4,0,4,0,0,0,0
3/21/2020,Ireland,785,102,126,4.6,114,4.1,3,0,0,,0,,5,777,5,5,5,5,0,5,0,0,0,0
3/22/2020,Ireland,785,0,102,5.3,114,4.8,3,0,0,,,,5,777,6,6,6,6,0,6,0,0,0,0
3/20/2020,Isle of Man,2,2,0,1.0,2,1.0,0,0,0,1.0,0,1.0,0,2,1,0,0,0,0,0,0,0,0,0
3/21/2020,Isle of Man,2,0,2,,1,,0,0,0,,0,,0,2,2,0,0,0,0,0,0,0,0,0
3/22/2020,Isle of Man,5,3,0,0.5,1.5,0.9,0,0,0,,,,0,5,3,1,0,0,0,0,0,0,0,0
3/17/20,Israel,324,324,0,1.0,324,1.0,0,0,0,1.0,0,1.0,11,313,1,1,1,1,0,0,0,0,0,0
3/18/20,Israel,433,109,324,2.0,216.5,2.0,0,0,0,,0,,0,433,2,2,2,2,0,0,0,0,0,0
3/19/2020,Israel,677,244,109,1.2,176.5,1.7,0,0,0,,0,,12,665,3,3,3,3,0,0,0,0,0,0
3/20/2020,Israel,707,30,244,15.5,137,3.4,1,1,0,,0.5,,15,691,4,4,4,4,0,1,0,0,0,0
3/21/2020,Israel,883,176,30,2.7,103,4.7,1,0,1,,0.5,1.4,15,867,5,5,5,5,0,2,0,0,0,0
3/22/2020,Israel,945,62,176,9.8,119,5.1,1,0,0,,,1.4,15,929,6,6,6,6,0,3,0,0,0,0
3/17/20,Italy,31506,31506,0,1.0,31506,1.0,2503,2503,0,1.0,2503,1.0,2941,26062,1,1,1,1,1,1,1,1,1,1
3/18/20,Italy,35713,4207,31506,4.3,17856.5,4.3,2978,475,2503,3.7,1489,3.7,492,32243,2,2,2,2,2,2,2,2,2,2
3/19/2020,Italy,41035,5322,4207,4.2,4764.5,4.7,3405,427,475,4.9,451,4.6,4440,33190,3,3,3,3,3,3,3,3,3,3
3/20/2020,Italy,47021,5986,5322,3.9,5654,4.1,4032,627,427,3.8,527,4.5,"5,129",37860,4,4,4,4,4,4,4,4,4,4
3/21/2020,Italy,"53,578",6557,5986,4.0,6271.5,4.2,"4,825",793,627,3.6,710,4.0,"6,072",42681,5,5,5,5,5,5,5,5,5,5
3/22/2020,Italy,"59,138",5560,6557,5.4,6058.5,4.9,"5,476",651,793,5.2,722,4.7,"7,024",46638,6,6,6,6,6,6,6,6,6,6
3/17/20,Ivory Coast,4,4,0,1.0,4,1.0,0,0,0,1.0,0,1.0,0,4,1,0,0,0,0,0,0,0,0,0
3/18/20,Ivory Coast,9,5,4,0.6,4.5,0.6,0,0,0,,0,,,9,2,1,0,0,0,0,0,0,0,0
3/19/2020,Ivory Coast,9,0,5,,2.5,2.5,0,0,0,,0,,1,8,3,2,0,0,0,0,0,0,0,0
3/20/2020,Ivory Coast,9,0,0,,0,,0,0,0,,0,,1,8,4,3,0,0,0,0,0,0,0,0
3/21/2020,Ivory Coast,14,5,0,1.1,2.5,2.2,0,0,0,,0,,1,13,5,4,0,0,0,0,0,0,0,0
3/22/2020,Ivory Coast,17,3,5,3.0,4,2.3,0,0,0,,,,1,16,6,5,0,0,0,0,0,0,0,0
3/17/20,Jamaica,15,15,0,1.0,15,1.0,0,0,0,1.0,0,1.0,2,13,1,1,0,0,0,0,0,0,0,0
3/18/20,Jamaica,15,0,15,,7.5,,1,1,0,,0.5,,,14,2,2,0,0,0,1,0,0,0,0
3/19/2020,Jamaica,15,0,0,,0,,1,0,1,,0.5,1.4,2,12,3,3,0,0,0,2,0,0,0,0
3/20/2020,Jamaica,15,0,0,,0,,1,0,0,,0,,2,12,4,4,0,0,0,3,0,0,0,0
3/21/2020,Jamaica,19,4,0,2.1,2,4.2,1,0,0,,0,,2,16,5,5,0,0,0,4,0,0,0,0
3/22/2020,Jamaica,19,0,4,2.8,2,5.6,1,0,0,,,,2,16,6,6,0,0,0,5,0,0,0,0
3/17/20,Japan,878,878,0,1.0,878,1.0,28,28,0,1.0,28,1.0,164,686,1,1,1,1,0,1,1,0,0,0
3/18/20,Japan,899,21,878,22.9,449.5,22.9,29,1,28,19.6,14.5,19.6,2,868,2,2,2,2,0,2,2,0,0,0
3/19/2020,Japan,943,44,21,13.8,32.5,18.7,33,4,1,5.1,2.5,8.1,191,719,3,3,3,3,0,3,3,0,0,0
3/20/2020,Japan,963,20,44,25.2,32,15.7,33,0,4,,2,11.6,215,715,4,4,4,4,0,4,4,0,0,0
3/21/2020,Japan,"1,054",91,20,5.5,55.5,9.0,36,3,0,7.7,1.5,15.4,215,803,5,5,5,5,1,5,5,0,0,0
3/22/2020,Japan,"1,086",32,91,17.6,61.5,9.1,36,0,3,8.4,7.7,16.8,235,815,6,6,6,6,2,6,6,0,0,0
3/20/2020,Jersey,12,12,0,1.0,12,1.0,0,0,0,1.0,0,1.0,0,12,1,1,0,0,0,0,0,0,0,0
3/21/2020,Jersey,15,3,12,2.8,7.5,2.8,0,0,0,,0,,0,15,2,2,0,0,0,0,0,0,0,0
3/22/2020,Jersey,15,0,3,3.5,7.5,1.4,0,0,0,,,,0,15,3,3,0,0,0,0,0,0,0,0
3/17/20,Jordan,48,48,0,1.0,48,1.0,0,0,0,1.0,0,1.0,1,47,1,1,0,0,0,0,0,0,0,0
3/18/20,Jordan,56,8,48,4.1,28,4.1,0,0,0,,0,,,56,2,2,0,0,0,0,0,0,0,0
3/19/2020,Jordan,69,13,8,3.0,10.5,3.7,0,0,0,,0,,1,68,3,3,0,0,0,0,0,0,0,0
3/20/2020,Jordan,85,16,13,3.0,14.5,3.3,0,0,0,,0,,1,84,4,4,0,0,0,0,0,0,0,0
3/21/2020,Jordan,99,14,16,4.2,15,3.9,0,0,0,,0,,1,98,5,5,0,0,0,0,0,0,0,0
3/22/2020,Jordan,99,0,14,4.9,15,4.6,0,0,0,,,,1,98,6,6,0,0,0,0,0,0,0,0
3/17/20,Kazakhstan,33,33,0,1.0,33,1.0,0,0,0,1.0,0,1.0,0,33,1,1,0,0,0,0,0,0,0,0
3/18/20,Kazakhstan,36,3,33,7.7,18,7.7,0,0,0,,0,,,36,2,2,0,0,0,0,0,0,0,0
3/19/2020,Kazakhstan,44,8,3,3.1,5.5,4.6,0,0,0,,0,,0,44,3,3,0,0,0,0,0,0,0,0
3/20/2020,Kazakhstan,52,8,8,3.8,8,3.8,0,0,0,,0,,0,52,4,4,0,0,0,0,0,0,0,0
3/21/2020,Kazakhstan,54,2,8,18.2,5,7.3,0,0,0,,0,,0,54,5,5,0,0,0,0,0,0,0,0
3/22/2020,Kazakhstan,59,5,2,7.6,3.5,10.8,0,0,0,,,,0,59,6,6,0,0,0,0,0,0,0,0
3/17/20,Kenya,4,4,0,1.0,4,1.0,0,0,0,1.0,0,1.0,0,4,1,0,0,0,0,0,0,0,0,0
3/18/20,Kenya,7,3,4,0.9,3.5,0.9,0,0,0,,0,,,7,2,1,0,0,0,0,0,0,0,0
3/19/2020,Kenya,7,0,3,,1.5,3.3,0,0,0,,0,,0,7,3,2,0,0,0,0,0,0,0,0
3/20/2020,Kenya,7,0,0,,0,,0,0,0,,0,,0,7,4,3,0,0,0,0,0,0,0,0
3/21/2020,Kenya,7,0,0,,0,,0,0,0,,0,,0,7,5,4,0,0,0,0,0,0,0,0
3/22/2020,Kenya,7,0,0,,0,,0,0,0,,,,0,7,6,5,0,0,0,0,0,0,0,0
3/17/20,Kosovo,13,13,0,1.0,13,1.0,0,0,0,1.0,0,1.0,0,13,1,1,0,0,0,0,0,0,0,0
3/18/20,Kosovo,13,0,13,,6.5,,0,0,0,,0,,,13,2,2,0,0,0,0,0,0,0,0
3/19/2020,Kosovo,21,8,0,1.1,4,2.3,0,0,0,,0,,0,21,3,3,0,0,0,0,0,0,0,0
3/20/2020,Kosovo,21,0,8,,4,3.7,0,0,0,,0,,0,21,4,4,0,0,0,0,0,0,0,0
3/21/2020,Kosovo,21,0,0,,0,,0,0,0,,0,,0,21,5,5,0,0,0,0,0,0,0,0
3/22/2020,Kosovo,31,10,0,1.5,5,2.9,0,0,0,,,,0,31,6,6,0,0,0,0,0,0,0,0
3/17/20,Kuwait,130,130,0,1.0,130,1.0,0,0,0,1.0,0,1.0,12,118,1,1,1,0,0,0,0,0,0,0
3/18/20,Kuwait,142,12,130,6.9,71,6.9,0,0,0,,0,,,142,2,2,2,0,0,0,0,0,0,0
3/19/2020,Kuwait,148,6,12,16.6,9,11.0,0,0,0,,0,,18,130,3,3,3,0,0,0,0,0,0,0
3/20/2020,Kuwait,159,11,6,8.3,8.5,10.7,0,0,0,,0,,22,137,4,4,4,0,0,0,0,0,0,0
3/21/2020,Kuwait,176,17,11,5.6,14,6.8,0,0,0,,0,,27,149,5,5,5,0,0,0,0,0,0,0
3/22/2020,Kuwait,188,12,17,8.7,14.5,7.2,0,0,0,,,,30,158,6,6,6,0,0,0,0,0,0,0
3/18/20,Kyrgyzstan,3,3,0,1.0,3,1.0,0,0,0,1.0,0,1.0,,3,1,0,0,0,0,0,0,0,0,0
3/19/2020,Kyrgyzstan,3,0,3,,1.5,,0,0,0,,0,,0,3,2,0,0,0,0,0,0,0,0,0
3/20/2020,Kyrgyzstan,6,3,0,0.7,1.5,1.4,0,0,0,,0,,0,6,3,1,0,0,0,0,0,0,0,0
3/21/2020,Kyrgyzstan,14,8,3,0.5,5.5,0.8,0,0,0,,0,,0,14,4,2,0,0,0,0,0,0,0,0
3/22/2020,Kyrgyzstan,14,0,8,1.2,5.5,1.8,0,0,0,,,,0,14,5,3,0,0,0,0,0,0,0,0
3/17/20,Latvia,60,60,0,1.0,60,1.0,0,0,0,1.0,0,1.0,1,59,1,1,0,0,0,0,0,0,0,0
3/18/20,Latvia,71,11,60,3.8,35.5,3.8,0,0,0,,0,,,71,2,2,0,0,0,0,0,0,0,0
3/19/2020,Latvia,86,15,11,3.3,13,3.8,0,0,0,,0,,1,85,3,3,0,0,0,0,0,0,0,0
3/20/2020,Latvia,111,25,15,2.4,20,3.0,0,0,0,,0,,1,110,4,4,1,0,0,0,0,0,0,0
3/21/2020,Latvia,124,13,25,5.9,19,4.1,0,0,0,,0,,1,123,5,5,2,0,0,0,0,0,0,0
3/22/2020,Latvia,139,15,13,5.7,14,6.2,0,0,0,,,,1,138,6,6,3,0,0,0,0,0,0,0
3/17/20,Lebanon,125,125,0,1.0,125,1.0,4,4,0,1.0,4,1.0,4,117,1,1,1,0,0,1,0,0,0,0
3/18/20,Lebanon,133,8,125,10.2,66.5,10.2,4,0,4,,2,,,129,2,2,2,0,0,2,0,0,0,0
3/19/2020,Lebanon,157,24,8,3.8,16,5.6,4,0,0,,0,,4,149,3,3,3,0,0,3,0,0,0,0
3/20/2020,Lebanon,163,6,24,17.4,15,7.0,4,0,0,,0,,4,155,4,4,4,0,0,4,0,0,0,0
3/21/2020,Lebanon,230,67,6,1.6,36.5,3.0,4,0,0,,0,,8,218,5,5,5,0,0,5,0,0,0,0
3/22/2020,Lebanon,248,18,67,8.5,42.5,3.6,4,0,0,,,,8,236,6,6,6,0,0,6,0,0,0,0
3/17/20,Liberia,2,2,0,1.0,2,1.0,0,0,0,1.0,0,1.0,0,2,1,0,0,0,0,0,0,0,0,0
3/18/20,Liberia,2,0,2,,1,,0,0,0,,0,,,2,2,0,0,0,0,0,0,0,0,0
3/19/2020,Liberia,2,0,0,,0,,0,0,0,,0,,0,2,3,0,0,0,0,0,0,0,0,0
3/20/2020,Liberia,2,0,0,,0,,0,0,0,,0,,0,2,4,0,0,0,0,0,0,0,0,0
3/21/2020,Liberia,3,1,0,1.4,0.5,2.8,0,0,0,,0,,0,3,5,0,0,0,0,0,0,0,0,0
3/22/2020,Liberia,3,0,1,2.1,0.5,4.2,0,0,0,,,,0,3,6,0,0,0,0,0,0,0,0,0
3/17/20,Liechtenstein,7,7,0,1.0,7,1.0,0,0,0,1.0,0,1.0,0,7,1,1,0,0,0,0,0,0,0,0
3/18/20,Liechtenstein,28,21,7,0.2,14,0.2,0,0,0,,0,,,28,2,2,0,0,0,0,0,0,0,0
3/19/2020,Liechtenstein,28,0,21,,10.5,1.9,0,0,0,,0,,0,28,3,3,0,0,0,0,0,0,0,0
3/20/2020,Liechtenstein,28,0,0,,0,,0,0,0,,0,,0,28,4,4,0,0,0,0,0,0,0,0
3/21/2020,Liechtenstein,28,0,0,,0,,0,0,0,,0,,0,28,5,5,0,0,0,0,0,0,0,0
3/22/2020,Liechtenstein,44,16,0,1.2,8,2.5,0,0,0,,,,0,44,6,6,0,0,0,0,0,0,0,0
3/17/20,Lithuania,26,26,0,1.0,26,1.0,0,0,0,1.0,0,1.0,1,25,1,1,0,0,0,0,0,0,0,0
3/18/20,Lithuania,33,7,26,2.5,16.5,2.5,0,0,0,,0,,,33,2,2,0,0,0,0,0,0,0,0
3/19/2020,Lithuania,36,3,7,7.7,5,4.6,0,0,0,,0,,1,35,3,3,0,0,0,0,0,0,0,0
3/20/2020,Lithuania,49,13,3,1.9,8,3.1,0,0,0,,0,,1,48,4,4,0,0,0,0,0,0,0,0
3/21/2020,Lithuania,69,20,13,1.7,16.5,2.0,1,1,0,,0.5,,1,67,5,5,0,0,0,1,0,0,0,0
3/22/2020,Lithuania,105,36,20,1.3,28,1.7,1,0,1,0.7,,1.4,1,103,6,6,1,0,0,2,0,0,0,0
3/17/20,Luxembourg,140,140,0,1.0,140,1.0,1,1,0,1.0,1,1.0,0,139,1,1,1,0,0,1,0,0,0,0
3/18/20,Luxembourg,203,63,140,1.5,101.5,1.5,2,1,1,0.7,1,0.7,,201,2,2,2,0,0,2,0,0,0,0
3/19/2020,Luxembourg,335,132,63,1.1,97.5,1.4,4,2,1,0.7,1.5,0.9,0,331,3,3,3,1,0,3,0,0,0,0
3/20/2020,Luxembourg,484,149,132,1.6,140.5,1.6,5,1,2,2.8,1.5,1.9,6,473,4,4,4,2,0,4,1,0,0,0
3/21/2020,Luxembourg,670,186,149,1.8,167.5,2.0,8,3,1,1.2,2,1.8,6,656,5,5,5,3,0,5,2,0,0,0
3/22/2020,Luxembourg,798,128,186,3.6,157,2.9,8,0,3,1.9,1.2,2.8,6,784,6,6,6,4,0,6,3,0,0,0
3/17/20,Macau,13,13,0,1.0,13,1.0,0,0,0,1.0,0,1.0,10,3,1,1,0,0,0,0,0,0,0,0
3/18/20,Macau,17,4,13,0.5,8.5,0.5,0,0,0,,0,,,17,2,2,0,0,0,0,0,0,0,0
3/19/2020,Macau,17,0,4,,2,6.0,0,0,0,,0,,10,7,3,3,0,0,0,0,0,0,0,0
3/20/2020,Macau,17,0,0,,0,,0,0,0,,0,,10,7,4,4,0,0,0,0,0,0,0,0
3/21/2020,Macau,17,0,0,,0,,0,0,0,,0,,10,7,5,5,0,0,0,0,0,0,0,0
3/22/2020,Macau,19,2,0,2.5,1,4.9,0,0,0,,,,10,9,6,6,0,0,0,0,0,0,0,0
3/20/2020,Madagascar,3,3,0,1.0,3,1.0,0,0,0,1.0,0,1.0,0,3,1,0,0,0,0,0,0,0,0,0
3/21/2020,Madagascar,3,0,3,,1.5,,0,0,0,,0,,0,3,2,0,0,0,0,0,0,0,0,0
3/22/2020,Madagascar,3,0,0,,1.5,1.4,0,0,0,,,,0,3,3,0,0,0,0,0,0,0,0,0
3/20/2020,Mainland China,"81,008","81,008",0,1.0,"81,008",1.0,"3,255","3,255",0,1.0,"3,255",1.0,"71,740",6013,1,1,1,1,1,1,1,1,1,1
3/17/20,Malaysia,673,673,0,1.0,673,1.0,2,2,0,1.0,2,1.0,49,622,1,1,1,1,0,1,0,0,0,0
3/18/20,Malaysia,790,117,673,3.7,395,3.7,2,0,2,,1,,,788,2,2,2,2,0,2,0,0,0,0
3/19/2020,Malaysia,900,110,117,5.0,113.5,4.9,2,0,0,,0,,75,823,3,3,3,3,0,3,0,0,0,0
3/20/2020,Malaysia,1030,130,110,4.4,120,4.8,3,1,0,1.4,0.5,2.8,87,940,4,4,4,4,1,4,0,0,0,0
3/21/2020,Malaysia,"1,183",153,130,4.3,141.5,4.7,8,5,1,0.4,3,0.7,114,1061,5,5,5,5,2,5,1,0,0,0
3/22/2020,Malaysia,"1,306",123,153,6.0,138,5.4,10,2,5,2.8,3.5,1.6,139,1157,6,6,6,6,3,6,2,0,0,0
3/17/20,Maldives,13,13,0,1.0,13,1.0,0,0,0,1.0,0,1.0,0,13,1,1,0,0,0,0,0,0,0,0
3/18/20,Maldives,13,0,13,,6.5,,0,0,0,,0,,,13,2,2,0,0,0,0,0,0,0,0
3/19/2020,Maldives,13,0,0,,0,,0,0,0,,0,,0,13,3,3,0,0,0,0,0,0,0,0
3/20/2020,Maldives,13,0,0,,0,,0,0,0,,0,,0,13,4,4,0,0,0,0,0,0,0,0
3/21/2020,Maldives,13,0,0,,0,,0,0,0,,0,,2,11,5,5,0,0,0,0,0,0,0,0
3/22/2020,Maldives,13,0,0,,0,,0,0,0,,,,2,11,6,6,0,0,0,0,0,0,0,0
3/17/20,Malta,38,38,0,1.0,38,1.0,0,0,0,1.0,0,1.0,2,36,1,1,0,0,0,0,0,0,0,0
3/18/20,Malta,48,10,38,2.5,24,2.5,0,0,0,,0,,,48,2,2,0,0,0,0,0,0,0,0
3/19/2020,Malta,53,5,10,6.7,7.5,4.5,0,0,0,,0,,2,51,3,3,0,0,0,0,0,0,0,0
3/20/2020,Malta,64,11,5,3.2,8,4.5,0,0,0,,0,,2,62,4,4,0,0,0,0,0,0,0,0
3/21/2020,Malta,73,9,11,4.8,10,4.3,0,0,0,,0,,2,71,5,5,0,0,0,0,0,0,0,0
3/22/2020,Malta,90,17,9,2.9,13,3.8,0,0,0,,,,2,88,6,6,0,0,0,0,0,0,0,0
3/17/20,Mauritania,1,1,0,1.0,1,1.0,0,0,0,1.0,0,1.0,0,1,1,0,0,0,0,0,0,0,0,0
3/18/20,Mauritania,2,1,1,0.7,1,0.7,0,0,0,,0,,,2,2,0,0,0,0,0,0,0,0,0
3/19/2020,Mauritania,2,0,1,,0.5,2.8,0,0,0,,0,,0,2,3,0,0,0,0,0,0,0,0,0
3/20/2020,Mauritania,2,0,0,,0,,0,0,0,,0,,0,2,4,0,0,0,0,0,0,0,0,0
3/21/2020,Mauritania,2,0,0,,0,,0,0,0,,0,,0,2,5,0,0,0,0,0,0,0,0,0
3/22/2020,Mauritania,2,0,0,,0,,0,0,0,,,,0,2,6,0,0,0,0,0,0,0,0,0
3/18/20,Mauritius,3,3,0,1.0,3,1.0,0,0,0,1.0,0,1.0,,3,1,0,0,0,0,0,0,0,0,0
3/19/2020,Mauritius,7,4,3,0.5,3.5,0.5,0,0,0,,0,,0,7,2,1,0,0,0,0,0,0,0,0
3/20/2020,Mauritius,12,5,4,1.0,4.5,1.1,0,0,0,,0,,0,12,3,2,0,0,0,0,0,0,0,0
3/21/2020,Mauritius,14,2,5,4.2,3.5,2.4,1,1,0,,0.5,,0,13,4,3,0,0,0,1,0,0,0,0
3/22/2020,Mauritius,18,4,2,2.3,3,3.0,1,0,1,0.7,,1.4,0,17,5,4,0,0,0,2,0,0,0,0
3/17/20,Mexico,82,82,0,1.0,82,1.0,0,0,0,1.0,0,1.0,4,78,1,1,0,0,0,0,0,0,0,0
3/18/20,Mexico,93,11,82,5.0,46.5,5.0,0,0,0,,0,,,93,2,2,0,0,0,0,0,0,0,0
3/19/2020,Mexico,118,25,11,2.6,18,3.6,1,1,0,,0.5,,4,113,3,3,1,0,0,1,0,0,0,0
3/20/2020,Mexico,164,46,25,1.7,35.5,2.2,1,0,1,,0.5,1.4,4,159,4,4,2,0,0,2,0,0,0,0
3/21/2020,Mexico,203,39,46,2.9,42.5,2.6,2,1,0,0.7,0.5,1.4,4,197,5,5,3,0,0,3,0,0,0,0
3/22/2020,Mexico,251,48,39,2.9,43.5,3.2,2,0,1,1.4,0.7,2.8,4,245,6,6,4,1,0,4,0,0,0,0
3/17/20,Moldova,29,29,0,1.0,29,1.0,0,0,0,1.0,0,1.0,1,28,1,1,0,0,0,0,0,0,0,0
3/18/20,Moldova,36,7,29,2.8,18,2.8,1,1,0,,0.5,,,35,2,2,0,0,0,1,0,0,0,0
3/19/2020,Moldova,49,13,7,1.9,10,2.5,1,0,1,,0.5,1.4,1,47,3,3,0,0,0,2,0,0,0,0
3/20/2020,Moldova,49,0,13,,6.5,5.1,1,0,0,,0,,1,47,4,4,0,0,0,3,0,0,0,0
3/21/2020,Moldova,80,31,0,1.1,15.5,2.1,1,0,0,,0,,2,77,5,5,0,0,0,4,0,0,0,0
3/22/2020,Moldova,80,0,31,1.7,15.5,3.5,1,0,0,,,,2,77,6,6,0,0,0,5,0,0,0,0
3/17/20,Monaco,9,9,0,1.0,9,1.0,0,0,0,1.0,0,1.0,0,9,1,1,0,0,0,0,0,0,0,0
3/18/20,Monaco,9,0,9,,4.5,,0,0,0,,0,,,9,2,2,0,0,0,0,0,0,0,0
3/19/2020,Monaco,9,0,0,,0,,0,0,0,,0,,0,9,3,3,0,0,0,0,0,0,0,0
3/20/2020,Monaco,11,2,0,3.1,1,6.3,0,0,0,,0,,1,10,4,4,0,0,0,0,0,0,0,0
3/21/2020,Monaco,11,0,2,,1,7.0,0,0,0,,0,,1,10,5,5,0,0,0,0,0,0,0,0
3/22/2020,Monaco,11,0,0,,1,7.0,0,0,0,,,,1,10,6,6,0,0,0,0,0,0,0,0
3/17/20,Mongolia,5,5,0,1.0,5,1.0,0,0,0,1.0,0,1.0,0,5,1,1,0,0,0,0,0,0,0,0
3/18/20,Mongolia,6,1,5,3.5,3,3.5,0,0,0,,0,,,6,2,2,0,0,0,0,0,0,0,0
3/19/2020,Mongolia,6,0,1,,0.5,8.4,0,0,0,,0,,0,6,3,3,0,0,0,0,0,0,0,0
3/20/2020,Mongolia,6,0,0,,0,,0,0,0,,0,,0,6,4,4,0,0,0,0,0,0,0,0
3/21/2020,Mongolia,10,4,0,1.1,2,2.1,0,0,0,,0,,0,10,5,5,0,0,0,0,0,0,0,0
3/22/2020,Mongolia,10,0,4,1.8,2,3.5,0,0,0,,,,0,10,6,6,0,0,0,0,0,0,0,0
3/17/20,Montenegro,2,2,0,1.0,2,1.0,0,0,0,1.0,0,1.0,0,2,1,0,0,0,0,0,0,0,0,0
3/18/20,Montenegro,8,6,2,0.2,4,0.2,0,0,0,,0,,,8,2,1,0,0,0,0,0,0,0,0
3/19/2020,Montenegro,8,0,6,,3,1.9,0,0,0,,0,,0,8,3,2,0,0,0,0,0,0,0,0
3/20/2020,Montenegro,13,5,0,1.1,2.5,2.2,0,0,0,,0,,0,13,4,3,0,0,0,0,0,0,0,0
3/21/2020,Montenegro,14,1,5,9.1,3,3.0,0,0,0,,0,,0,14,5,4,0,0,0,0,0,0,0,0
3/22/2020,Montenegro,16,2,1,4.9,1.5,6.5,0,0,0,,,,0,16,6,5,0,0,0,0,0,0,0,0
3/17/20,Morocco,44,44,0,1.0,44,1.0,2,2,0,1.0,2,1.0,1,41,1,1,0,0,0,1,0,0,0,0
3/18/20,Morocco,54,10,44,2.9,27,2.9,2,0,2,,1,,,52,2,2,0,0,0,2,0,0,0,0
3/19/2020,Morocco,63,9,10,4.0,9.5,3.8,2,0,0,,0,,2,59,3,3,0,0,0,3,0,0,0,0
3/20/2020,Morocco,77,14,9,2.9,11.5,3.6,3,1,0,1.4,0.5,2.8,2,72,4,4,0,0,0,4,0,0,0,0
3/21/2020,Morocco,96,19,14,2.7,16.5,3.1,3,0,1,,0.5,4.2,3,90,5,5,0,0,0,5,0,0,0,0
3/22/2020,Morocco,109,13,19,4.8,16,3.9,3,0,0,,,4.2,3,103,6,6,1,0,0,6,0,0,0,0
3/22/2020,Mozambique,1,1,0,1.0,1,1.0,0,0,0,1.0,0,1.0,0,1,1,0,0,0,0,0,0,0,0,0
3/17/20,Namibia,2,2,0,1.0,2,1.0,0,0,0,1.0,0,1.0,0,2,1,0,0,0,0,0,0,0,0,0
3/18/20,Namibia,2,0,2,,1,,0,0,0,,0,,,2,2,0,0,0,0,0,0,0,0,0
3/19/2020,Namibia,3,1,0,1.4,0.5,2.8,0,0,0,,0,,0,3,3,0,0,0,0,0,0,0,0,0
3/20/2020,Namibia,3,0,1,,0.5,4.2,0,0,0,,0,,0,3,4,0,0,0,0,0,0,0,0,0
3/21/2020,Namibia,3,0,0,,0,,0,0,0,,0,,0,3,5,0,0,0,0,0,0,0,0,0
3/22/2020,Namibia,3,0,0,,0,,0,0,0,,,,0,3,6,0,0,0,0,0,0,0,0,0
3/17/20,Nepal,1,1,0,1.0,1,1.0,0,0,0,1.0,0,1.0,1,0,1,0,0,0,0,0,0,0,0,0
3/18/20,Nepal,1,0,1,,0.5,,0,0,0,,0,,,1,2,0,0,0,0,0,0,0,0,0
3/19/2020,Nepal,1,0,0,,0,,0,0,0,,0,,1,0,3,0,0,0,0,0,0,0,0,0
3/20/2020,Nepal,1,0,0,,0,,0,0,0,,0,,1,0,4,0,0,0,0,0,0,0,0,0
3/21/2020,Nepal,1,0,0,,0,,0,0,0,,0,,1,0,5,0,0,0,0,0,0,0,0,0
3/22/2020,Nepal,1,0,0,,0,,0,0,0,,,,1,0,6,0,0,0,0,0,0,0,0,0
3/17/20,Netherlands,"1,711","1,711",0,1.0,"1,711",1.0,43,43,0,1.0,43,1.0,,1668,1,1,1,1,1,1,1,0,0,0
3/18/20,Netherlands,"2,059",348,"1,711",3.4,1029.5,3.4,58,15,43,2.0,29,2.0,,2001,2,2,2,2,2,2,2,0,0,0
3/19/2020,Netherlands,"2,469",410,348,3.4,379,3.7,77,19,15,2.1,17,2.4,,2392,3,3,3,3,3,3,3,0,0,0
3/20/2020,Netherlands,"3,003",534,410,3.1,472,3.5,107,30,19,1.8,24.5,2.2,,2896,4,4,4,4,4,4,4,1,0,0
3/21/2020,Netherlands,"3,640",637,534,3.2,585.5,3.5,137,30,30,2.5,30,2.5,,3503,5,5,5,5,5,5,5,2,0,0
3/22/2020,Netherlands,"4,216",576,637,4.3,606.5,4.0,180,43,30,2.2,36.5,2.6,,4036,6,6,6,6,6,6,6,3,0,0
3/17/20,New Zealand,20,20,0,1.0,20,1.0,0,0,0,1.0,0,1.0,0,20,1,1,0,0,0,0,0,0,0,0
3/18/20,New Zealand,28,8,20,1.8,14,1.8,0,0,0,,0,,0,28,2,2,0,0,0,0,0,0,0,0
3/19/2020,New Zealand,39,11,8,1.8,9.5,2.1,0,0,0,,0,,0,39,3,3,0,0,0,0,0,0,0,0
3/20/2020,New Zealand,53,14,11,2.0,12.5,2.2,0,0,0,,0,,0,53,4,4,0,0,0,0,0,0,0,0
3/21/2020,New Zealand,66,13,14,2.9,13.5,2.7,0,0,0,,0,,0,66,5,5,0,0,0,0,0,0,0,0
3/22/2020,New Zealand,66,0,13,3.6,13.5,3.4,0,0,0,,,,0,66,6,6,0,0,0,0,0,0,0,0
3/18/20,Nicaragua,1,1,0,1.0,1,1.0,0,0,0,1.0,0,1.0,,1,1,0,0,0,0,0,0,0,0,0
3/19/2020,Nicaragua,1,0,1,,0.5,,0,0,0,,0,,0,1,2,0,0,0,0,0,0,0,0,0
3/20/2020,Nicaragua,1,0,0,,0,,0,0,0,,0,,0,1,3,0,0,0,0,0,0,0,0,0
3/21/2020,Nicaragua,2,1,0,0.7,0.5,1.4,0,0,0,,0,,0,2,4,0,0,0,0,0,0,0,0,0
3/22/2020,Nicaragua,2,0,1,1.4,0.5,2.8,0,0,0,,,,0,2,5,0,0,0,0,0,0,0,0,0
3/19/2020,Niger,1,1,0,1.0,1,1.0,0,0,0,1.0,0,1.0,0,1,1,0,0,0,0,0,0,0,0,0
3/20/2020,Niger,1,0,1,,0.5,,0,0,0,,0,,0,1,2,0,0,0,0,0,0,0,0,0
3/21/2020,Niger,1,0,0,,0,,0,0,0,,0,,0,1,3,0,0,0,0,0,0,0,0,0
3/22/2020,Niger,2,1,0,0.7,0.5,1.4,0,0,0,,,,0,2,4,0,0,0,0,0,0,0,0,0
3/17/20,Nigeria,3,3,0,1.0,3,1.0,0,0,0,1.0,0,1.0,1,2,1,0,0,0,0,0,0,0,0,0
3/18/20,Nigeria,8,5,3,0.3,4,0.3,0,0,0,,0,,,8,2,1,0,0,0,0,0,0,0,0
3/19/2020,Nigeria,12,4,5,1.4,4.5,1.2,0,0,0,,0,,1,11,3,2,0,0,0,0,0,0,0,0
3/20/2020,Nigeria,12,0,4,,2,3.8,0,0,0,,0,,1,11,4,3,0,0,0,0,0,0,0,0
3/21/2020,Nigeria,22,10,0,0.8,5,1.5,0,0,0,,0,,2,20,5,4,0,0,0,0,0,0,0,0
3/22/2020,Nigeria,30,8,10,1.8,9,1.6,0,0,0,,,,2,28,6,5,0,0,0,0,0,0,0,0
3/17/20,North Macedonia,32,32,0,1.0,32,1.0,0,0,0,1.0,0,1.0,1,31,1,1,0,0,0,0,0,0,0,0
3/18/20,North Macedonia,43,11,32,2.0,21.5,2.0,0,0,0,,0,,,43,2,2,0,0,0,0,0,0,0,0
3/19/2020,North Macedonia,49,6,11,5.0,8.5,3.5,0,0,0,,0,,1,48,3,3,0,0,0,0,0,0,0,0
3/20/2020,North Macedonia,77,28,6,1.2,17,2.0,0,0,0,,0,,1,76,4,4,0,0,0,0,0,0,0,0
3/21/2020,North Macedonia,85,8,28,6.7,18,3.0,0,0,0,,0,,1,84,5,5,0,0,0,0,0,0,0,0
3/22/2020,North Macedonia,114,29,8,2.0,18.5,3.2,1,1,0,,0.5,,1,112,6,6,1,0,0,1,0,0,0,0
3/17/20,Northern Cyprus,7,7,0,1.0,7,1.0,0,0,0,1.0,0,1.0,0,7,1,1,0,0,0,0,0,0,0,0
3/18/20,Northern Cyprus,20,13,7,0.4,10,0.4,0,0,0,,0,,,20,2,2,0,0,0,0,0,0,0,0
3/20/2020,Northern Cyprus,33,13,13,1.1,13,1.1,0,0,0,,0,,0,33,3,3,0,0,0,0,0,0,0,0
3/21/2020,Northern Cyprus,35,2,13,11.6,7.5,3.1,0,0,0,,0,,3,32,4,4,0,0,0,0,0,0,0,0
3/22/2020,Northern Cyprus,35,0,2,11.2,7.5,3.0,0,0,0,,,,3,32,5,5,0,0,0,0,0,0,0,0
3/17/20,Norway,"1,470","1,470",0,1.0,"1,470",1.0,3,3,0,1.0,3,1.0,1,1466,1,1,1,1,1,1,0,0,0,0
3/18/20,Norway,"1,590",120,"1,470",8.6,795,8.6,6,3,3,0.7,3,0.7,,1584,2,2,2,2,2,2,1,0,0,0
3/19/2020,Norway,"1,767",177,120,6.3,148.5,7.5,7,1,3,4.2,2,2.1,,1760,3,3,3,3,3,3,2,0,0,0
3/20/2020,Norway,"1,959",192,177,6.4,184.5,6.7,7,0,1,,0.5,9.8,,1952,4,4,4,4,4,4,3,0,0,0
3/21/2020,Norway,"2,164",205,192,6.7,198.5,6.9,7,0,0,,0,,,2157,5,5,5,5,5,5,4,0,0,0
3/22/2020,Norway,"2,256",92,205,16.4,148.5,10.2,7,0,0,,,,,2249,6,6,6,6,6,6,5,0,0,0
3/17/20,Oman,24,24,0,1.0,24,1.0,0,0,0,1.0,0,1.0,9,15,1,1,0,0,0,0,0,0,0,0
3/18/20,Oman,39,15,24,0.7,19.5,0.7,0,0,0,,0,,,39,2,2,0,0,0,0,0,0,0,0
3/19/2020,Oman,39,0,15,,7.5,3.6,0,0,0,,0,,13,26,3,3,0,0,0,0,0,0,0,0
3/20/2020,Oman,48,9,0,2.0,4.5,4.0,0,0,0,,0,,13,35,4,4,0,0,0,0,0,0,0,0
3/21/2020,Oman,52,4,9,6.1,6.5,3.8,0,0,0,,0,,13,39,5,5,0,0,0,0,0,0,0,0
3/22/2020,Oman,55,3,4,9.1,3.5,7.8,0,0,0,,,,17,38,6,6,0,0,0,0,0,0,0,0
3/17/20,Pakistan,247,247,0,1.0,247,1.0,1,1,0,1.0,1,1.0,2,244,1,1,1,0,0,1,0,0,0,0
3/18/20,Pakistan,307,60,247,2.8,153.5,2.8,1,0,1,,0.5,,,306,2,2,2,1,0,2,0,0,0,0
3/19/2020,Pakistan,453,146,60,1.5,103,2.1,2,1,0,0.7,0.5,1.4,13,438,3,3,3,2,0,3,0,0,0,0
3/20/2020,Pakistan,501,48,146,6.4,97,3.2,3,1,1,1.4,1,1.4,13,485,4,4,4,3,0,4,0,0,0,0
3/21/2020,Pakistan,729,228,48,1.5,138,2.5,3,0,1,,0.5,4.2,5,721,5,5,5,4,0,5,0,0,0,0
3/22/2020,Pakistan,760,31,228,16.3,129.5,3.9,4,1,0,2.1,0.5,4.2,5,751,6,6,6,5,0,6,0,0,0,0
3/17/20,Palestine,41,41,0,1.0,41,1.0,0,0,0,1.0,0,1.0,0,41,1,1,0,0,0,0,0,0,0,0
3/18/20,Palestine,44,3,41,9.6,22,9.6,0,0,0,,0,,,44,2,2,0,0,0,0,0,0,0,0
3/19/2020,Palestine,47,3,3,10.3,3,10.3,0,0,0,,0,,0,47,3,3,0,0,0,0,0,0,0,0
3/20/2020,Palestine,48,1,3,32.9,2,16.4,0,0,0,,0,,17,31,4,4,0,0,0,0,0,0,0,0
3/21/2020,Palestine,48,0,1,,0.5,43.4,0,0,0,,0,,17,31,5,5,0,0,0,0,0,0,0,0
3/22/2020,Palestine,59,11,0,2.0,5.5,3.9,0,0,0,,,,17,42,6,6,0,0,0,0,0,0,0,0
3/17/20,Panama,86,86,0,1.0,86,1.0,1,1,0,1.0,1,1.0,0,85,1,1,0,0,0,1,0,0,0,0
3/18/20,Panama,109,23,86,2.6,54.5,2.6,1,0,1,,0.5,,,108,2,2,1,0,0,2,0,0,0,0
3/19/2020,Panama,137,28,23,2.7,25.5,3.0,1,0,0,,0,,1,135,3,3,2,0,0,3,0,0,0,0
3/20/2020,Panama,200,63,28,1.5,45.5,2.1,1,0,0,,0,,1,198,4,4,3,0,0,4,0,0,0,0
3/21/2020,Panama,245,45,63,3.1,54,2.6,3,2,0,0.3,1,0.7,1,241,5,5,4,0,0,5,0,0,0,0
3/22/2020,Panama,245,0,45,3.7,54,3.1,3,0,2,1.1,0.3,2.1,1,241,6,6,5,0,0,6,0,0,0,0
3/20/2020,Papua New Guinea,1,1,0,1.0,1,1.0,0,0,0,1.0,0,1.0,0,1,1,0,0,0,0,0,0,0,0,0
3/21/2020,Papua New Guinea,1,0,1,,0.5,,0,0,0,,0,,0,1,2,0,0,0,0,0,0,0,0,0
3/22/2020,Papua New Guinea,1,0,0,,0.5,1.4,0,0,0,,,,0,1,3,0,0,0,0,0,0,0,0,0
3/17/20,Paraguay,8,8,0,1.0,8,1.0,0,0,0,1.0,0,1.0,0,8,1,1,0,0,0,0,0,0,0,0
3/18/20,Paraguay,11,3,8,1.9,5.5,1.9,0,0,0,,0,,,11,2,2,0,0,0,0,0,0,0,0
3/19/2020,Paraguay,11,0,3,,1.5,5.1,0,0,0,,0,,0,11,3,3,0,0,0,0,0,0,0,0
3/20/2020,Paraguay,13,2,0,3.8,1,7.7,0,0,0,,0,,0,13,4,4,0,0,0,0,0,0,0,0
3/21/2020,Paraguay,22,9,2,1.0,5.5,1.7,0,0,0,,0,,0,22,5,5,0,0,0,0,0,0,0,0
3/22/2020,Paraguay,22,0,9,1.7,5.5,2.8,1,1,0,,0.5,,0,21,6,6,0,0,0,1,0,0,0,0
3/17/20,Peru,117,117,0,1.0,117,1.0,0,0,0,1.0,0,1.0,1,116,1,1,1,0,0,0,0,0,0,0
3/18/20,Peru,145,28,117,2.9,72.5,2.9,0,0,0,,0,,,145,2,2,2,0,0,0,0,0,0,0
3/19/2020,Peru,145,0,28,,14,7.3,0,0,0,,0,,1,144,3,3,3,0,0,0,0,0,0,0
3/20/2020,Peru,263,118,0,0.9,59,1.7,4,4,0,,2,,1,258,4,4,4,1,0,1,0,0,0,0
3/21/2020,Peru,318,55,118,3.3,86.5,2.1,5,1,4,2.8,2.5,1.1,1,312,5,5,5,2,0,2,1,0,0,0
3/22/2020,Peru,318,0,55,4.0,86.5,2.5,5,0,1,3.5,2.8,1.4,1,312,6,6,6,3,0,3,2,0,0,0
3/17/20,Philippines,187,187,0,1.0,187,1.0,14,14,0,1.0,14,1.0,4,169,1,1,1,0,0,1,1,0,0,0
3/18/20,Philippines,202,15,187,7.9,101,7.9,17,3,14,3.3,8.5,3.3,,185,2,2,2,0,0,2,2,0,0,0
3/19/2020,Philippines,217,15,15,8.6,15,8.6,17,0,3,,1.5,7.9,8,192,3,3,3,0,0,3,3,0,0,0
3/20/2020,Philippines,230,13,15,10.3,14,9.6,18,1,0,11.9,0.5,23.8,8,204,4,4,4,0,0,4,4,0,0,0
3/21/2020,Philippines,307,77,13,1.9,45,3.2,19,1,1,12.6,1,12.6,13,275,5,5,5,1,0,5,5,0,0,0
3/22/2020,Philippines,380,73,77,2.6,75,2.6,25,6,1,2.2,3.5,3.8,15,340,6,6,6,2,0,6,6,0,0,0
3/17/20,Poland,238,238,0,1.0,238,1.0,5,5,0,1.0,5,1.0,1,232,1,1,1,0,0,1,1,0,0,0
3/18/20,Poland,287,49,238,3.3,143.5,3.3,5,0,5,,2.5,,,282,2,2,2,1,0,2,2,0,0,0
3/19/2020,Poland,355,68,49,2.9,58.5,3.4,5,0,0,,0,,1,349,3,3,3,2,0,3,3,0,0,0
3/20/2020,Poland,425,70,68,3.5,69,3.5,5,0,0,,0,,1,419,4,4,4,3,0,4,4,0,0,0
3/21/2020,Poland,536,111,70,2.6,90.5,3.2,5,0,0,,0,,1,530,5,5,5,4,0,5,5,0,0,0
3/22/2020,Poland,563,27,111,13.7,69,5.4,7,2,0,1.8,1,3.5,1,555,6,6,6,5,0,6,6,0,0,0
3/17/20,Portugal,448,448,0,1.0,448,1.0,1,1,0,1.0,1,1.0,3,444,1,1,1,1,0,1,0,0,0,0
3/18/20,Portugal,642,194,448,1.6,321,1.6,2,1,1,0.7,1,0.7,,640,2,2,2,2,0,2,0,0,0,0
3/19/2020,Portugal,785,143,194,3.1,168.5,2.7,3,1,1,1.4,1,1.4,3,779,3,3,3,3,0,3,0,0,0,0
3/20/2020,Portugal,1020,235,143,2.3,189,2.9,6,3,1,0.7,2,1.1,5,1009,4,4,4,4,1,4,1,0,0,0
3/21/2020,Portugal,"1,280",260,235,2.7,247.5,2.9,12,6,3,0.7,4.5,0.9,5,1263,5,5,5,5,2,5,2,0,0,0
3/22/2020,Portugal,"1,600",320,260,2.8,290,3.0,14,2,6,4.2,4,2.1,5,1581,6,6,6,6,3,6,3,0,0,0
3/17/20,Qatar,442,442,0,1.0,442,1.0,0,0,0,1.0,0,1.0,4,438,1,1,1,1,0,0,0,0,0,0
3/18/20,Qatar,452,10,442,30.7,226,30.7,0,0,0,,0,,,452,2,2,2,2,0,0,0,0,0,0
3/19/2020,Qatar,452,0,10,,5,63.3,0,0,0,,0,,4,448,3,3,3,3,0,0,0,0,0,0
3/20/2020,Qatar,470,18,0,17.4,9,34.8,0,0,0,,0,,10,460,4,4,4,4,0,0,0,0,0,0
3/21/2020,Qatar,481,11,18,29.3,14.5,22.2,0,0,0,,0,,27,454,5,5,5,5,0,0,0,0,0,0
3/22/2020,Qatar,481,0,11,28.9,14.5,21.9,0,0,0,,,,27,454,6,6,6,6,0,0,0,0,0,0
3/17/20,Republic of the Congo,1,1,0,1.0,1,1.0,0,0,0,1.0,0,1.0,0,1,1,0,0,0,0,0,0,0,0,0
3/18/20,Republic of the Congo,1,0,1,,0.5,,0,0,0,,0,,,1,2,0,0,0,0,0,0,0,0,0
3/19/2020,Republic of the Congo,3,2,0,0.3,1,0.7,0,0,0,,0,,0,3,3,0,0,0,0,0,0,0,0,0
3/20/2020,Republic of the Congo,3,0,2,,1,2.1,0,0,0,,0,,0,3,4,0,0,0,0,0,0,0,0,0
3/21/2020,Republic of the Congo,3,0,0,,0,,0,0,0,,0,,0,3,5,0,0,0,0,0,0,0,0,0
3/22/2020,Republic of the Congo,3,0,0,,0,,0,0,0,,,,0,3,6,0,0,0,0,0,0,0,0,0
3/17/20,Romania,222,222,0,1.0,222,1.0,0,0,0,1.0,0,1.0,19,203,1,1,1,0,0,0,0,0,0,0
3/18/20,Romania,260,38,222,3.7,130,3.7,0,0,0,,0,,,260,2,2,2,1,0,0,0,0,0,0
3/19/2020,Romania,277,17,38,10.7,27.5,6.6,0,0,0,,0,,25,252,3,3,3,2,0,0,0,0,0,0
3/20/2020,Romania,308,31,17,5.7,24,7.3,0,0,0,,0,,31,277,4,4,4,3,0,0,0,0,0,0
3/21/2020,Romania,367,59,31,3.3,45,4.3,0,0,0,,0,,52,315,5,5,5,4,0,0,0,0,0,0
3/22/2020,Romania,433,66,59,3.3,62.5,3.5,2,2,0,,1,,64,367,6,6,6,5,0,1,0,0,0,0
3/17/20,Russia,114,114,0,1.0,114,1.0,0,0,0,1.0,0,1.0,5,109,1,1,1,0,0,0,0,0,0,0
3/18/20,Russia,147,33,114,2.3,73.5,2.3,0,0,0,,0,,,147,2,2,2,0,0,0,0,0,0,0
3/19/2020,Russia,199,52,33,2.0,42.5,2.4,1[61],0,0,,0,,5,194,3,3,3,0,0,1,0,0,0,0
3/20/2020,Russia,253,54,52,2.5,53,2.6,0,0,0,,0,,12,241,4,4,4,1,0,2,0,0,0,0
3/21/2020,Russia,306,53,54,3.2,53.5,3.2,0,0,0,,0,,16,290,5,5,5,2,0,3,0,0,0,0
3/22/2020,Russia,367,61,53,3.3,57,3.6,0,0,0,,,,16,351,6,6,6,3,0,4,0,0,0,0
3/17/20,Rwanda,7,7,0,1.0,7,1.0,0,0,0,1.0,0,1.0,0,7,1,1,0,0,0,0,0,0,0,0
3/18/20,Rwanda,11,4,7,1.2,5.5,1.2,0,0,0,,0,,,11,2,2,0,0,0,0,0,0,0,0
3/19/2020,Rwanda,11,0,4,,2,3.8,0,0,0,,0,,0,11,3,3,0,0,0,0,0,0,0,0
3/20/2020,Rwanda,11,0,0,,0,,0,0,0,,0,,0,11,4,4,0,0,0,0,0,0,0,0
3/21/2020,Rwanda,17,6,0,1.3,3,2.6,0,0,0,,0,,0,17,5,5,0,0,0,0,0,0,0,0
3/22/2020,Rwanda,17,0,6,2.0,3,4.0,0,0,0,,,,0,17,6,6,0,0,0,0,0,0,0,0
3/17/20,Saint Lucia,2,2,0,1.0,2,1.0,0,0,0,1.0,0,1.0,0,2,1,0,0,0,0,0,0,0,0,0
3/18/20,Saint Lucia,2,0,2,,1,,0,0,0,,0,,,2,2,0,0,0,0,0,0,0,0,0
3/19/2020,Saint Lucia,2,0,0,,0,,0,0,0,,0,,0,2,3,0,0,0,0,0,0,0,0,0
3/20/2020,Saint Lucia,2,0,0,,0,,0,0,0,,0,,0,2,4,0,0,0,0,0,0,0,0,0
3/21/2020,Saint Lucia,2,0,0,,0,,0,0,0,,0,,0,2,5,0,0,0,0,0,0,0,0,0
3/22/2020,Saint Lucia,2,0,0,,0,,0,0,0,,,,0,2,6,0,0,0,0,0,0,0,0,0
3/17/20,San Marino,115,115,0,1.0,115,1.0,9,9,0,1.0,9,1.0,4,102,1,1,1,0,0,1,1,0,0,0
3/18/20,San Marino,119,4,115,17.9,59.5,17.9,11,2,9,3.1,5.5,3.1,,108,2,2,2,0,0,2,2,0,0,0
3/19/2020,San Marino,144,25,4,3.0,14.5,5.2,14,3,2,2.6,2.5,3.1,4,126,3,3,3,0,0,3,3,0,0,0
3/20/2020,San Marino,151,7,25,12.6,16,5.5,14,0,3,,1.5,6.5,4,133,4,4,4,0,0,4,4,0,0,0
3/21/2020,San Marino,160,9,7,10.3,8,11.6,20,6,0,1.6,3,3.3,4,136,5,5,5,0,0,5,5,0,0,0
3/22/2020,San Marino,175,15,9,6.3,12,7.9,20,0,6,2.3,1.6,4.7,4,151,6,6,6,0,0,6,6,0,0,0
3/17/20,Saudi Arabia,133,133,0,1.0,133,1.0,0,0,0,1.0,0,1.0,6,127,1,1,1,0,0,0,0,0,0,0
3/18/20,Saudi Arabia,238,105,133,0.8,119,0.8,0,0,0,,0,,,238,2,2,2,0,0,0,0,0,0,0
3/19/2020,Saudi Arabia,274,36,105,4.6,70.5,2.4,0,0,0,,0,,8,266,3,3,3,1,0,0,0,0,0,0
3/20/2020,Saudi Arabia,344,70,36,2.7,53,3.5,0,0,0,,0,,8,336,4,4,4,2,0,0,0,0,0,0
3/21/2020,Saudi Arabia,392,48,70,4.9,59,4.0,0,0,0,,0,,16,376,5,5,5,3,0,0,0,0,0,0
3/22/2020,Saudi Arabia,511,119,48,2.2,83.5,3.2,0,0,0,,,,18,493,6,6,6,4,0,0,0,0,0,0
3/17/20,Senegal,27,27,0,1.0,27,1.0,0,0,0,1.0,0,1.0,2,25,1,1,0,0,0,0,0,0,0,0
3/18/20,Senegal,36,9,27,1.9,18,1.9,0,0,0,,0,,,36,2,2,0,0,0,0,0,0,0,0
3/19/2020,Senegal,36,0,9,,4.5,5.6,0,0,0,,0,,2,34,3,3,0,0,0,0,0,0,0,0
3/20/2020,Senegal,38,2,0,11.9,1,23.8,0,0,0,,0,,2,36,4,4,0,0,0,0,0,0,0,0
3/21/2020,Senegal,47,9,2,2.8,5.5,4.6,0,0,0,,0,,5,42,5,5,0,0,0,0,0,0,0,0
3/22/2020,Senegal,56,9,9,3.3,9,3.3,0,0,0,,,,5,51,6,6,0,0,0,0,0,0,0,0
3/17/20,Serbia,72,72,0,1.0,72,1.0,0,0,0,1.0,0,1.0,1,71,1,1,0,0,0,0,0,0,0,0
3/18/20,Serbia,89,17,72,2.9,44.5,2.9,0,0,0,,0,,,89,2,2,0,0,0,0,0,0,0,0
3/19/2020,Serbia,103,14,17,4.5,15.5,4.0,0,0,0,,0,,1,102,3,3,1,0,0,0,0,0,0,0
3/20/2020,Serbia,135,32,14,2.2,23,3.1,1,1,0,,0.5,,2,132,4,4,2,0,0,1,0,0,0,0
3/21/2020,Serbia,171,36,32,2.6,34,2.7,1,0,1,,0.5,1.4,2,168,5,5,3,0,0,2,0,0,0,0
3/22/2020,Serbia,188,17,36,6.9,26.5,4.4,2,1,0,0.7,0.5,1.4,2,184,6,6,4,0,0,3,0,0,0,0
3/17/20,Seychelles,4,4,0,1.0,4,1.0,0,0,0,1.0,0,1.0,0,4,1,0,0,0,0,0,0,0,0,0
3/18/20,Seychelles,6,2,4,1.4,3,1.4,0,0,0,,0,,,6,2,1,0,0,0,0,0,0,0,0
3/19/2020,Seychelles,6,0,2,,1,4.2,0,0,0,,0,,0,6,3,2,0,0,0,0,0,0,0,0
3/20/2020,Seychelles,6,0,0,,0,,0,0,0,,0,,0,6,4,3,0,0,0,0,0,0,0,0
3/21/2020,Seychelles,7,1,0,4.2,0.5,8.4,0,0,0,,0,,0,7,5,4,0,0,0,0,0,0,0,0
3/22/2020,Seychelles,7,0,1,4.9,0.5,9.8,0,0,0,,,,0,7,6,5,0,0,0,0,0,0,0,0
3/17/20,Singapore,266,266,0,1.0,266,1.0,0,0,0,1.0,0,1.0,114,152,1,1,1,1,0,0,0,0,0,0
3/18/20,Singapore,313,47,266,2.3,156.5,2.3,0,0,0,,0,,0,313,2,2,2,2,0,0,0,0,0,0
3/19/2020,Singapore,345,32,47,6.8,39.5,5.5,0,0,0,,0,,124,221,3,3,3,3,0,0,0,0,0,0
3/20/2020,Singapore,385,40,32,3.9,36,4.3,2,2,0,,1,,131,252,4,4,4,4,0,1,0,0,0,0
3/21/2020,Singapore,432,47,40,3.8,43.5,4.1,2,0,2,,1,1.4,140,290,5,5,5,5,0,2,0,0,0,0
3/22/2020,Singapore,455,23,47,8.8,35,5.8,2,0,0,,,1.4,144,309,6,6,6,6,0,3,0,0,0,0
3/17/20,Slovakia,97,97,0,1.0,97,1.0,0,0,0,1.0,0,1.0,0,97,1,1,0,0,0,0,0,0,0,0
3/18/20,Slovakia,105,8,97,8.5,52.5,8.5,0,0,0,,0,,,105,2,2,1,0,0,0,0,0,0,0
3/19/2020,Slovakia,124,19,8,3.9,13.5,5.4,0,0,0,,0,,0,124,3,3,2,0,0,0,0,0,0,0
3/20/2020,Slovakia,137,13,19,6.7,16,5.4,0,0,0,,0,,0,137,4,4,3,0,0,0,0,0,0,0
3/21/2020,Slovakia,178,41,13,2.3,27,3.6,0,0,0,,0,,0,178,5,5,4,0,0,0,0,0,0,0
3/22/2020,Slovakia,178,0,41,3.0,27,4.6,0,0,0,,,,7,171,6,6,5,0,0,0,0,0,0,0
3/17/20,Slovenia,275,275,0,1.0,275,1.0,1,1,0,1.0,1,1.0,0,274,1,1,1,1,0,1,0,0,0,0
3/18/20,Slovenia,286,11,275,17.4,143,17.4,1,0,1,,0.5,,,285,2,2,2,2,0,2,0,0,0,0
3/19/2020,Slovenia,319,33,11,6.0,22,9.1,1,0,0,,0,,,318,3,3,3,3,0,3,0,0,0,0
3/20/2020,Slovenia,341,22,33,10.1,27.5,8.1,1,0,0,,0,,,340,4,4,4,4,0,4,0,0,0,0
3/21/2020,Slovenia,383,42,22,5.7,32,7.4,1,0,0,,0,,,382,5,5,5,5,0,5,0,0,0,0
3/22/2020,Slovenia,414,31,42,8.6,36.5,7.3,1,0,0,,,,,413,6,6,6,6,0,6,0,0,0,0
3/17/20,Somalia,1,1,0,1.0,1,1.0,0,0,0,1.0,0,1.0,0,1,1,0,0,0,0,0,0,0,0,0
3/18/20,Somalia,1,0,1,,0.5,,0,0,0,,0,,,1,2,0,0,0,0,0,0,0,0,0
3/19/2020,Somalia,1,0,0,,0,,0,0,0,,0,,0,1,3,0,0,0,0,0,0,0,0,0
3/20/2020,Somalia,1,0,0,,0,,0,0,0,,0,,0,1,4,0,0,0,0,0,0,0,0,0
3/21/2020,Somalia,1,0,0,,0,,0,0,0,,0,,0,1,5,0,0,0,0,0,0,0,0,0
3/22/2020,Somalia,1,0,0,,0,,0,0,0,,,,0,1,6,0,0,0,0,0,0,0,0,0
3/17/20,South Africa,85,85,0,1.0,85,1.0,0,0,0,1.0,0,1.0,0,85,1,1,0,0,0,0,0,0,0,0
3/18/20,South Africa,116,31,85,1.9,58,1.9,0,0,0,,0,,,116,2,2,1,0,0,0,0,0,0,0
3/19/2020,South Africa,150,34,31,2.4,32.5,2.5,0,0,0,,0,,0,150,3,3,2,0,0,0,0,0,0,0
3/20/2020,South Africa,202,52,34,2.0,43,2.4,0,0,0,,0,,0,202,4,4,3,0,0,0,0,0,0,0
3/21/2020,South Africa,240,38,52,3.7,45,3.1,0,0,0,,0,,0,240,5,5,4,0,0,0,0,0,0,0
3/22/2020,South Africa,240,0,38,4.4,45,3.7,0,0,0,,,,0,240,6,6,5,0,0,0,0,0,0,0
3/17/20,South Korea,8413,8413,0,1.0,8413,1.0,84,84,0,1.0,84,1.0,1540,6789,1,1,1,1,1,1,1,0,0,0
3/18/20,South Korea,8565,152,8413,31.3,4282.5,31.3,91,7,84,8.4,45.5,8.4,18,8456,2,2,2,2,2,2,2,0,0,0
3/19/2020,South Korea,8652,87,152,68.0,119.5,49.5,94,3,7,21.2,5,12.7,"2,233",6325,3,3,3,3,3,3,3,0,0,0
3/20/2020,South Korea,"8,799",147,87,30.1,117,37.8,102,8,3,8.2,5.5,12.0,"2,612",6085,4,4,4,4,4,4,4,1,0,0
3/21/2020,South Korea,"8,897",98,147,43.5,122.5,34.8,104,2,8,35.7,5,14.3,"2,909",5884,5,5,5,5,5,5,5,2,0,0
3/22/2020,South Korea,"8,897",0,98,42.0,122.5,33.6,104,0,2,36.4,35.7,14.6,"2,909",5884,6,6,6,6,6,6,6,3,0,0
3/17/20,Spain,"11,826","11,826",0,1.0,"11,826",1.0,533,533,0,1.0,533,1.0,1028,10265,1,1,1,1,1,1,1,1,1,0
3/18/20,Spain,"14,769",2943,"11,826",2.4,7384.5,2.4,638,105,533,3.6,319,3.6,137,13994,2,2,2,2,2,2,2,2,2,0
3/19/2020,Spain,"18,077",3308,2943,3.0,3125.5,3.1,833,195,105,2.3,150,3.0,1107,16137,3,3,3,3,3,3,3,3,3,0
3/20/2020,Spain,"21,571",3494,3308,3.2,3401,3.3,"1,093",260,195,2.2,227.5,2.6,1588,18890,4,4,4,4,4,4,4,4,4,1
3/21/2020,Spain,"25,496",3925,3494,3.4,3709.5,3.6,"1,381",288,260,2.7,274,2.8,"2,125",21990,5,5,5,5,5,5,5,5,5,2
3/22/2020,Spain,"28,603",3107,3925,5.0,3516,4.4,"1,756",375,288,2.6,331.5,2.9,"2,575",24272,6,6,6,6,6,6,6,6,6,3
3/17/20,Sri Lanka,44,44,0,1.0,44,1.0,0,0,0,1.0,0,1.0,1,43,1,1,0,0,0,0,0,0,0,0
3/18/20,Sri Lanka,51,7,44,4.3,25.5,4.3,0,0,0,,0,,,51,2,2,0,0,0,0,0,0,0,0
3/19/2020,Sri Lanka,60,9,7,4.0,8,4.5,0,0,0,,0,,3,57,3,3,0,0,0,0,0,0,0,0
3/20/2020,Sri Lanka,70,10,9,4.0,9.5,4.2,0,0,0,,0,,3,67,4,4,0,0,0,0,0,0,0,0
3/21/2020,Sri Lanka,72,2,10,23.5,6,7.8,0,0,0,,0,,3,69,5,5,0,0,0,0,0,0,0,0
3/22/2020,Sri Lanka,81,9,2,5.4,5.5,8.8,0,0,0,,,,3,78,6,6,0,0,0,0,0,0,0,0
3/17/20,St. Vincent and the Grenadines,1,1,0,1.0,1,1.0,0,0,0,1.0,0,1.0,0,1,1,0,0,0,0,0,0,0,0,0
3/18/20,St. Vincent and the Grenadines,1,0,1,,0.5,,0,0,0,,0,,,1,2,0,0,0,0,0,0,0,0,0
3/19/2020,St. Vincent and the Grenadines,1,0,0,,0,,0,0,0,,0,,0,1,3,0,0,0,0,0,0,0,0,0
3/20/2020,St. Vincent and the Grenadines,1,0,0,,0,,0,0,0,,0,,0,1,4,0,0,0,0,0,0,0,0,0
3/21/2020,St. Vincent and the Grenadines,1,0,0,,0,,0,0,0,,0,,0,1,5,0,0,0,0,0,0,0,0,0
3/22/2020,St. Vincent and the Grenadines,1,0,0,,0,,0,0,0,,,,0,1,6,0,0,0,0,0,0,0,0,0
3/17/20,Sudan,1,1,0,1.0,1,1.0,1,1,0,1.0,1,1.0,0,0,1,0,0,0,0,1,0,0,0,0
3/18/20,Sudan,2,1,1,,1,,1,0,1,,0.5,,,1,2,0,0,0,0,2,0,0,0,0
3/19/2020,Sudan,2,0,1,,0.5,1.4,1,0,0,,0,,0,1,3,0,0,0,0,3,0,0,0,0
3/20/2020,Sudan,2,0,0,,0,,1,0,0,,0,,0,1,4,0,0,0,0,4,0,0,0,0
3/21/2020,Sudan,2,0,0,,0,,1,0,0,,0,,0,1,5,0,0,0,0,5,0,0,0,0
3/22/2020,Sudan,2,0,0,,0,,1,0,0,,,,0,1,6,0,0,0,0,6,0,0,0,0
3/17/20,Suriname,1,1,0,1.0,1,1.0,0,0,0,1.0,0,1.0,0,1,1,0,0,0,0,0,0,0,0,0
3/18/20,Suriname,1,0,1,,0.5,,0,0,0,,0,,,1,2,0,0,0,0,0,0,0,0,0
3/19/2020,Suriname,1,0,0,,0,,0,0,0,,0,,0,1,3,0,0,0,0,0,0,0,0,0
3/20/2020,Suriname,4,3,0,0.2,1.5,0.5,0,0,0,,0,,0,4,4,0,0,0,0,0,0,0,0,0
3/21/2020,Suriname,4,0,3,,1.5,1.9,0,0,0,,0,,0,4,5,0,0,0,0,0,0,0,0,0
3/22/2020,Suriname,5,1,0,2.8,0.5,5.6,0,0,0,,,,0,5,6,1,0,0,0,0,0,0,0,0
3/17/20,Sweden,"1,196","1,196",0,1.0,"1,196",1.0,7,7,0,1.0,7,1.0,1,1188,1,1,1,1,1,1,1,0,0,0
3/18/20,Sweden,1231,35,"1,196",23.8,615.5,23.8,10,3,7,1.6,5,1.6,,1221,2,2,2,2,2,2,2,0,0,0
3/19/2020,Sweden,1423,192,35,4.5,113.5,7.5,11,1,3,7.0,2,3.5,,1412,3,3,3,3,3,3,3,0,0,0
3/20/2020,Sweden,1639,216,192,4.6,204,4.8,16,5,1,1.5,3,2.6,,1623,4,4,4,4,4,4,4,0,0,0
3/21/2020,Sweden,"1,770",131,216,8.7,173.5,6.5,20,4,5,2.8,4.5,2.5,16,1734,5,5,5,5,5,5,5,0,0,0
3/22/2020,Sweden,"1,925",155,131,7.8,143,8.5,21,1,4,14.0,2.5,5.6,16,1888,6,6,6,6,6,6,6,0,0,0
3/17/20,Switzerland,"2,742","2,742",0,1.0,"2,742",1.0,21,21,0,1.0,21,1.0,4,2717,1,1,1,1,1,1,1,0,0,0
3/18/20,Switzerland,"2,772",30,"2,742",63.4,1386,63.4,21,0,21,,10.5,,,2751,2,2,2,2,2,2,2,0,0,0
3/19/2020,Switzerland,"3,438",666,30,2.9,348,5.5,33,12,0,1.2,6,2.5,15,3390,3,3,3,3,3,3,3,0,0,0
3/20/2020,Switzerland,"5,544",2106,666,1.1,1386,1.7,56,23,12,1.0,17.5,1.3,15,5473,4,4,4,4,4,4,4,0,0,0
3/21/2020,Switzerland,"6,575",1031,2106,3.7,1568.5,2.4,79,23,23,1.7,23,1.7,15,6481,5,5,5,5,5,5,5,0,0,0
3/22/2020,Switzerland,"7,014",439,1031,10.3,735,6.2,85,6,23,9.2,14.5,3.8,15,6914,6,6,6,6,6,6,6,0,0,0
3/17/20,Taiwan,77,77,0,1.0,77,1.0,1,1,0,1.0,1,1.0,22,54,1,1,0,0,0,1,0,0,0,0
3/18/20,Taiwan,100,23,77,1.6,50,1.6,1,0,1,,0.5,,,99,2,2,1,0,0,2,0,0,0,0
3/19/2020,Taiwan,108,8,23,8.7,15.5,4.5,1,0,0,,0,,26,81,3,3,2,0,0,3,0,0,0,0
3/20/2020,Taiwan,135,27,8,2.1,17.5,3.2,2,1,0,0.7,0.5,1.4,28,105,4,4,3,0,0,4,0,0,0,0
3/21/2020,Taiwan,153,18,27,4.1,22.5,3.3,2,0,1,,0.5,2.8,28,123,5,5,4,0,0,5,0,0,0,0
3/22/2020,Taiwan,169,16,18,5.4,17,5.1,2,0,0,,,2.8,28,139,6,6,5,0,0,6,0,0,0,0
3/17/20,Tanzania,1,1,0,1.0,1,1.0,0,0,0,1.0,0,1.0,0,1,1,0,0,0,0,0,0,0,0,0
3/18/20,Tanzania,3,2,1,0.3,1.5,0.3,0,0,0,,0,,,3,2,0,0,0,0,0,0,0,0,0
3/19/2020,Tanzania,6,3,2,0.7,2.5,0.8,0,0,0,,0,,0,6,3,1,0,0,0,0,0,0,0,0
3/20/2020,Tanzania,6,0,3,,1.5,2.8,0,0,0,,0,,0,6,4,2,0,0,0,0,0,0,0,0
3/21/2020,Tanzania,6,0,0,,0,,0,0,0,,0,,0,6,5,3,0,0,0,0,0,0,0,0
3/22/2020,Tanzania,12,6,0,0.7,3,1.4,0,0,0,,,,0,12,6,4,0,0,0,0,0,0,0,0
3/17/20,Thailand,177,177,0,1.0,177,1.0,1,1,0,1.0,1,1.0,41,135,1,1,1,0,0,1,0,0,0,0
3/18/20,Thailand,212,35,177,2.7,106,2.7,1,0,1,,0.5,,,211,2,2,2,0,0,2,0,0,0,0
3/19/2020,Thailand,272,60,35,2.5,47.5,3.1,1,0,0,,0,,42,229,3,3,3,1,0,3,0,0,0,0
3/20/2020,Thailand,322,50,60,3.2,55,2.9,1,0,0,,0,,43,278,4,4,4,2,0,4,0,0,0,0
3/21/2020,Thailand,411,89,50,2.2,69.5,2.8,1,0,0,,0,,45,365,5,5,5,3,0,5,0,0,0,0
3/22/2020,Thailand,599,188,89,1.4,138.5,1.8,1,0,0,,,,45,553,6,6,6,4,0,6,0,0,0,0
3/17/20,Togo,1,1,0,1.0,1,1.0,0,0,0,1.0,0,1.0,0,1,1,0,0,0,0,0,0,0,0,0
3/18/20,Togo,1,0,1,,0.5,,0,0,0,,0,,,1,2,0,0,0,0,0,0,0,0,0
3/19/2020,Togo,1,0,0,,0,,0,0,0,,0,,0,1,3,0,0,0,0,0,0,0,0,0
3/20/2020,Togo,9,8,0,0.1,4,0.2,0,0,0,,0,,0,9,4,1,0,0,0,0,0,0,0,0
3/21/2020,Togo,16,7,8,0.9,7.5,0.8,0,0,0,,0,,0,16,5,2,0,0,0,0,0,0,0,0
3/22/2020,Togo,16,0,7,1.6,7.5,1.5,0,0,0,,,,0,16,6,3,0,0,0,0,0,0,0,0
3/17/20,Trinidad and Tobago,5,5,0,1.0,5,1.0,0,0,0,1.0,0,1.0,0,5,1,1,0,0,0,0,0,0,0,0
3/18/20,Trinidad and Tobago,7,2,5,1.8,3.5,1.8,0,0,0,,0,,,7,2,2,0,0,0,0,0,0,0,0
3/19/2020,Trinidad and Tobago,9,2,2,2.5,2,2.5,0,0,0,,0,,0,9,3,3,0,0,0,0,0,0,0,0
3/20/2020,Trinidad and Tobago,9,0,2,,1,6.3,0,0,0,,0,,0,9,4,4,0,0,0,0,0,0,0,0
3/21/2020,Trinidad and Tobago,9,0,0,,0,,0,0,0,,0,,0,9,5,5,0,0,0,0,0,0,0,0
3/22/2020,Trinidad and Tobago,9,0,0,,0,,0,0,0,,,,0,9,6,6,0,0,0,0,0,0,0,0
3/17/20,Tunisia,20,20,0,1.0,20,1.0,0,0,0,1.0,0,1.0,0,20,1,1,0,0,0,0,0,0,0,0
3/18/20,Tunisia,29,9,20,1.6,14.5,1.6,0,0,0,,0,,,29,2,2,0,0,0,0,0,0,0,0
3/19/2020,Tunisia,39,10,9,2.0,9.5,2.1,1,1,0,,0.5,,1,37,3,3,0,0,0,1,0,0,0,0
3/20/2020,Tunisia,54,15,10,1.7,12.5,2.1,1,0,1,,0.5,1.4,1,52,4,4,0,0,0,2,0,0,0,0
3/21/2020,Tunisia,60,6,15,6.1,10.5,3.5,1,0,0,,0,,1,58,5,5,0,0,0,3,0,0,0,0
3/22/2020,Tunisia,75,15,6,2.7,10.5,3.9,3,2,0,0.3,1,0.7,1,71,6,6,0,0,0,4,0,0,0,0
3/17/20,Turkey,98,98,0,1.0,98,1.0,1,1,0,1.0,1,1.0,0,97,1,1,0,0,0,1,0,0,0,0
3/18/20,Turkey,191,93,98,0.7,95.5,0.7,2,1,1,0.7,1,0.7,,189,2,2,1,0,0,2,0,0,0,0
3/19/2020,Turkey,359,168,93,0.8,130.5,1.0,4,2,1,0.7,1.5,0.9,0,355,3,3,2,1,0,3,0,0,0,0
3/20/2020,Turkey,670,311,168,0.8,239.5,1.0,9,5,2,0.6,3.5,0.8,0,661,4,4,3,2,0,4,1,0,0,0
3/21/2020,Turkey,947,277,311,1.7,294,1.6,21,12,5,0.5,8.5,0.7,0,926,5,5,4,3,0,5,2,0,0,0
3/22/2020,Turkey,947,0,277,2.3,294,2.2,21,0,12,1.2,0.5,1.7,0,926,6,6,5,4,0,6,3,0,0,0
3/21/2020,Uganda,1,1,0,1.0,1,1.0,0,0,0,1.0,0,1.0,0,1,1,0,0,0,0,0,0,0,0,0
3/22/2020,Uganda,1,0,1,0.7,1,0.7,0,0,0,,1,,0,1,2,0,0,0,0,0,0,0,0,0
3/17/20,Ukraine,14,14,0,1.0,14,1.0,2,2,0,1.0,2,1.0,0,12,1,1,0,0,0,1,0,0,0,0
3/18/20,Ukraine,16,2,14,4.2,8,4.2,2,0,2,,1,,,14,2,2,0,0,0,2,0,0,0,0
3/19/2020,Ukraine,16,0,2,,1,9.8,2,0,0,,0,,0,14,3,3,0,0,0,3,0,0,0,0
3/20/2020,Ukraine,41,25,0,0.4,12.5,0.8,3,1,0,1.4,0.5,2.8,1,37,4,4,0,0,0,4,0,0,0,0
3/21/2020,Ukraine,47,6,25,4.3,15.5,1.7,3,0,1,,0.5,4.2,1,43,5,5,0,0,0,5,0,0,0,0
3/22/2020,Ukraine,47,0,6,5.0,15.5,1.9,3,0,0,,,4.2,8,36,6,6,0,0,0,6,0,0,0,0
3/17/20,United Arab Emirates,98,98,0,1.0,98,1.0,0,0,0,1.0,0,1.0,26,72,1,1,0,0,0,0,0,0,0,0
3/18/20,United Arab Emirates,113,15,98,3.4,56.5,3.4,0,0,0,,0,,,113,2,2,1,0,0,0,0,0,0,0
3/19/2020,United Arab Emirates,140,27,15,2.9,21,3.8,0,0,0,,0,,31,109,3,3,2,0,0,0,0,0,0,0
3/20/2020,United Arab Emirates,140,0,27,,13.5,5.7,2,2,0,,1,,31,107,4,4,3,0,0,1,0,0,0,0
3/21/2020,United Arab Emirates,153,13,0,5.8,6.5,11.5,2,0,2,,1,1.4,38,113,5,5,4,0,0,2,0,0,0,0
3/22/2020,United Arab Emirates,153,0,13,6.1,6.5,12.2,2,0,0,,,1.4,38,113,6,6,5,0,0,3,0,0,0,0
3/17/20,United Kingdom,1950,1950,0,1.0,1950,1.0,60,60,0,1.0,60,1.0,65,1825,1,1,1,1,1,1,1,0,0,0
3/18/20,United Kingdom,2626,676,1950,1.9,1313,1.9,104,44,60,1.0,52,1.0,16,2506,2,2,2,2,2,2,2,1,0,0
3/19/2020,United Kingdom,"3,280",654,676,2.7,665,2.6,144,40,44,1.8,42,1.7,79,3057,3,3,3,3,3,3,3,2,0,0
3/20/2020,United Kingdom,3983,703,654,3.0,678.5,3.2,177,33,40,3.1,36.5,2.8,79,3727,4,4,4,4,4,4,4,3,0,0
3/21/2020,United Kingdom,"5,027",1044,703,2.5,873.5,3.0,234,57,33,2.2,45,2.8,98,4695,5,5,5,5,5,5,5,4,0,0
3/22/2020,United Kingdom,"5,037",10,1044,328.6,527,6.2,234,0,57,2.9,2.2,3.6,98,4705,6,6,6,6,6,6,6,5,0,0
3/17/20,United States,"6,518","6,518",0,1.0,"6,518",1.0,108,108,0,1.0,108,1.0,17,6393,1,1,1,1,1,1,1,1,0,0
3/18/20,United States,"9,452",2934,"6,518",1.5,4726,1.5,150,42,108,1.8,75,1.8,5,9297,2,2,2,2,2,2,2,2,0,0
3/19/2020,United States,"14,322",4870,2934,1.3,3902,1.7,218,68,42,1.5,55,1.9,121,13983,3,3,3,3,3,3,3,3,0,0
3/20/2020,United States,"19,650",5328,4870,1.8,5099,1.9,263,45,68,3.4,56.5,2.7,147,19240,4,4,4,4,4,4,4,4,1,0
3/21/2020,United States,"27,111",7461,5328,1.8,6394.5,2.1,340,77,45,2.4,61,3.0,176,26595,5,5,5,5,5,5,5,5,2,0
3/22/2020,United States,"38,221",11110,7461,1.7,9285.5,2.0,396,56,77,4.3,66.5,3.6,178,37647,6,6,6,6,6,6,6,6,3,0
3/17/20,Uruguay,29,29,0,1.0,29,1.0,0,0,0,1.0,0,1.0,0,29,1,1,0,0,0,0,0,0,0,0
3/18/20,Uruguay,79,50,29,0.4,39.5,0.4,0,0,0,,0,,,79,2,2,0,0,0,0,0,0,0,0
3/19/2020,Uruguay,79,0,50,,25,2.2,0,0,0,,0,,0,79,3,3,0,0,0,0,0,0,0,0
3/20/2020,Uruguay,110,31,0,1.8,15.5,3.6,0,0,0,,0,,0,110,4,4,1,0,0,0,0,0,0,0
3/21/2020,Uruguay,110,0,31,,15.5,5.0,0,0,0,,0,,0,110,5,5,2,0,0,0,0,0,0,0
3/22/2020,Uruguay,135,25,0,3.1,12.5,6.2,0,0,0,,,,0,135,6,6,3,0,0,0,0,0,0,0
3/17/20,Uzbekistan,11,11,0,1.0,11,1.0,0,0,0,1.0,0,1.0,0,11,1,1,0,0,0,0,0,0,0,0
3/18/20,Uzbekistan,18,7,11,1.1,9,1.1,0,0,0,,0,,,18,2,2,0,0,0,0,0,0,0,0
3/19/2020,Uzbekistan,23,5,7,2.5,6,2.1,0,0,0,,0,,0,23,3,3,0,0,0,0,0,0,0,0
3/20/2020,Uzbekistan,33,10,5,1.6,7.5,2.1,0,0,0,,0,,0,33,4,4,0,0,0,0,0,0,0,0
3/21/2020,Uzbekistan,33,0,10,,5,4.6,0,0,0,,0,,0,33,5,5,0,0,0,0,0,0,0,0
3/22/2020,Uzbekistan,42,9,0,2.6,4.5,5.1,0,0,0,,,,0,42,6,6,0,0,0,0,0,0,0,0
3/17/20,Vatican City,1,1,0,1.0,1,1.0,0,0,0,1.0,0,1.0,0,1,1,0,0,0,0,0,0,0,0,0
3/18/20,Vatican City,1,0,1,,0.5,,0,0,0,,0,,,1,2,0,0,0,0,0,0,0,0,0
3/19/2020,Vatican City,1,0,0,,0,,0,0,0,,0,,0,1,3,0,0,0,0,0,0,0,0,0
3/20/2020,Vatican City,1,0,0,,0,,0,0,0,,0,,0,1,4,0,0,0,0,0,0,0,0,0
3/21/2020,Vatican City,1,0,0,,0,,0,0,0,,0,,0,1,5,0,0,0,0,0,0,0,0,0
3/22/2020,Vatican City,1,0,0,,0,,0,0,0,,,,0,1,6,0,0,0,0,0,0,0,0,0
3/17/20,Venezuela,33,33,0,1.0,33,1.0,0,0,0,1.0,0,1.0,0,33,1,1,0,0,0,0,0,0,0,0
3/18/20,Venezuela,36,3,33,7.7,18,7.7,0,0,0,,0,,,36,2,2,0,0,0,0,0,0,0,0
3/19/2020,Venezuela,42,6,3,4.2,4.5,5.6,0,0,0,,0,,0,42,3,3,0,0,0,0,0,0,0,0
3/20/2020,Venezuela,42,0,6,,3,9.8,0,0,0,,0,,0,42,4,4,0,0,0,0,0,0,0,0
3/21/2020,Venezuela,70,28,0,1.1,14,2.1,0,0,0,,0,,15,55,5,5,0,0,0,0,0,0,0,0
3/22/2020,Venezuela,70,0,28,1.4,14,2.8,0,0,0,,,,15,55,6,6,0,0,0,0,0,0,0,0
3/17/20,Vietnam,66,66,0,1.0,66,1.0,0,0,0,1.0,0,1.0,16,50,1,1,0,0,0,0,0,0,0,0
3/18/20,Vietnam,76,10,66,3.5,38,3.5,0,0,0,,0,,,76,2,2,0,0,0,0,0,0,0,0
3/19/2020,Vietnam,85,9,10,5.9,9.5,5.6,0,0,0,,0,,16,69,3,3,0,0,0,0,0,0,0,0
3/20/2020,Vietnam,91,6,9,8.1,7.5,6.4,0,0,0,,0,,17,74,4,4,0,0,0,0,0,0,0,0
3/21/2020,Vietnam,94,3,6,17.3,4.5,11.5,0,0,0,,0,,17,77,5,5,0,0,0,0,0,0,0,0
3/22/2020,Vietnam,113,19,3,2.8,11,4.9,0,0,0,,,,17,96,6,6,1,0,0,0,0,0,0,0
3/18/20,Zambia,2,2,0,1.0,2,1.0,0,0,0,1.0,0,1.0,,2,1,0,0,0,0,0,0,0,0,0
3/19/2020,Zambia,2,0,2,,1,,0,0,0,,0,,0,2,2,0,0,0,0,0,0,0,0,0
3/20/2020,Zambia,2,0,0,,0,,0,0,0,,0,,0,2,3,0,0,0,0,0,0,0,0,0
3/21/2020,Zambia,2,0,0,,0,,0,0,0,,0,,0,2,4,0,0,0,0,0,0,0,0,0
3/22/2020,Zambia,3,1,0,1.4,0.5,2.8,0,0,0,,,,0,3,5,0,0,0,0,0,0,0,0,0
3/20/2020,Zimbabwe,1,1,0,1.0,1,1.0,0,0,0,1.0,0,1.0,0,1,1,0,0,0,0,0,0,0,0,0
3/21/2020,Zimbabwe,3,2,1,0.3,1.5,0.3,0,0,0,,0,,0,3,2,0,0,0,0,0,0,0,0,0
3/22/2020,Zimbabwe,3,0,2,1.1,1.5,1.4,0,0,0,,,,0,3,3,0,0,0,0,0,0,0,0,0
