Date,Country,ConfirmedToDate,NewConfirmed,DaysToDouble_New,NewConfirmed_2DayAvg,DaysToDouble_2DayAvg,DeathsToDate,NewDeaths,DaysToDoubleDeath_New,NewDeaths_2DayAvg,DaysToDoubleDeath_2DayAvg,Recovered,Critical,NewCritical,DaysToDoubleCritical_New,NewCritical_2DayAvg,DaysToDoubleCritical_2DayAvg,ActiveCases,DaysIn,DaysIn5,DaysIn100,DaysIn250,DaysIn1000,DaysInDeaths,DaysInDeaths5,DaysInDeaths100,DaysInDeaths250,DaysInDeaths1000,DaysInCritical,DaysInCritical5,DaysInCritical100,DaysInCritical250,DaysInCritical1000
3/17/2020,Afghanistan,22,22,1.0,22,1.0,0,0,1.0,0,1.0,1,0,0,1.0,0,1.0,21,1,1,0,0,0,0,0,0,0,0,0,0,0,0,0
3/18/2020,Afghanistan,22,0,,11,1.4,0,0,,0,,1,0,0,,0,,21,2,2,0,0,0,0,0,0,0,0,0,0,0,0,0
3/17/2020,Albania,59,59,1.0,59,1.0,2,2,1.0,2,1.0,0,2,2,1.0,2,1.0,57,1,1,0,0,0,1,0,0,0,0,1,0,0,0,0
3/18/2020,Albania,59,0,,29.5,1.4,2,0,,1,1.4,0,2,2,0.7,2,0.7,57,2,2,0,0,0,2,0,0,0,0,2,0,0,0,0
3/17/2020,Algeria,75,75,1.0,75,1.0,7,7,1.0,7,1.0,10,0,0,1.0,0,1.0,58,1,1,0,0,0,1,1,0,0,0,0,0,0,0,0
3/18/2020,Algeria,75,0,,37.5,1.4,7,0,,3.5,1.4,32,0,0,,0,,36,2,2,0,0,0,2,2,0,0,0,0,0,0,0,0
3/17/2020,Andorra,53,53,1.0,53,1.0,0,0,1.0,0,1.0,1,0,0,1.0,0,1.0,52,1,1,0,0,0,0,0,0,0,0,0,0,0,0,0
3/18/2020,Andorra,53,0,,26.5,1.4,0,0,,0,,1,0,0,,0,,52,2,2,0,0,0,0,0,0,0,0,0,0,0,0,0
3/17/2020,Antigua and Barbuda,1,1,1.0,1,1.0,0,0,1.0,0,1.0,0,0,0,1.0,0,1.0,1,1,0,0,0,0,0,0,0,0,0,0,0,0,0,0
3/18/2020,Antigua and Barbuda,1,0,,0.5,1.4,0,0,,0,,0,0,0,,0,,1,2,0,0,0,0,0,0,0,0,0,0,0,0,0,0
3/17/2020,Argentina,97,97,1.0,97,1.0,2,2,1.0,2,1.0,3,1,1,1.0,1,1.0,92,1,1,0,0,0,1,0,0,0,0,1,0,0,0,0
3/18/2020,Argentina,97,0,,48.5,1.4,2,0,,1,1.4,3,1,1,0.7,1,0.7,92,2,2,0,0,0,2,0,0,0,0,2,0,0,0,0
3/17/2020,Armenia,110,110,1.0,110,1.0,0,0,1.0,0,1.0,1,2,2,1.0,2,1.0,109,1,1,1,0,0,0,0,0,0,0,1,0,0,0,0
3/18/2020,Armenia,110,0,,55,1.4,0,0,,0,,1,2,2,0.7,2,0.7,109,2,2,2,0,0,0,0,0,0,0,2,0,0,0,0
3/17/2020,Aruba,4,4,1.0,4,1.0,0,0,1.0,0,1.0,0,0,0,1.0,0,1.0,4,1,0,0,0,0,0,0,0,0,0,0,0,0,0,0
3/18/2020,Aruba,4,0,,2,1.4,0,0,,0,,0,0,0,,0,,4,2,0,0,0,0,0,0,0,0,0,0,0,0,0,0
3/17/2020,Australia,596,596,1.0,596,1.0,6,6,1.0,6,1.0,27,1,1,1.0,1,1.0,563,1,1,1,1,0,1,1,0,0,0,1,0,0,0,0
3/18/2020,Australia,636,40,10.4,318,1.3,6,0,,3,1.4,43,1,1,0.7,1,0.7,587,2,2,2,2,0,2,2,0,0,0,2,0,0,0,0
3/17/2020,Austria,1646,1646,1.0,1646,1.0,4,4,1.0,4,1.0,9,12,12,1.0,12,1.0,1633,1,1,1,1,1,1,0,0,0,0,1,1,0,0,0
3/18/2020,Austria,1646,0,,823,1.4,4,0,,2,1.4,9,12,12,0.7,12,0.7,1633,2,2,2,2,2,2,0,0,0,0,2,2,0,0,0
3/17/2020,Azerbaijan,34,34,1.0,34,1.0,1,1,1.0,1,1.0,6,0,0,1.0,0,1.0,27,1,1,0,0,0,1,0,0,0,0,0,0,0,0,0
3/18/2020,Azerbaijan,34,0,,17,1.4,1,0,,0.5,1.4,7,0,0,,0,,26,2,2,0,0,0,2,0,0,0,0,0,0,0,0,0
3/17/2020,Bahamas,1,1,1.0,1,1.0,0,0,1.0,0,1.0,0,0,0,1.0,0,1.0,1,1,0,0,0,0,0,0,0,0,0,0,0,0,0,0
3/18/2020,Bahamas,1,0,,0.5,1.4,0,0,,0,,0,0,0,,0,,1,2,0,0,0,0,0,0,0,0,0,0,0,0,0,0
3/17/2020,Bahrain,256,256,1.0,256,1.0,1,1,1.0,1,1.0,88,3,3,1.0,3,1.0,167,1,1,1,1,0,1,0,0,0,0,1,0,0,0,0
3/18/2020,Bahrain,256,0,,128,1.4,1,0,,0.5,1.4,95,3,3,0.7,3,0.7,160,2,2,2,2,0,2,0,0,0,0,2,0,0,0,0
3/17/2020,Bangladesh,14,14,1.0,14,1.0,1,1,1.0,1,1.0,3,0,0,1.0,0,1.0,10,1,1,0,0,0,1,0,0,0,0,0,0,0,0,0
3/18/2020,Bangladesh,14,0,,7,1.4,1,0,,0.5,1.4,3,0,0,,0,,10,2,2,0,0,0,2,0,0,0,0,0,0,0,0,0
3/17/2020,Barbados,2,2,1.0,2,1.0,0,0,1.0,0,1.0,0,0,0,1.0,0,1.0,2,1,0,0,0,0,0,0,0,0,0,0,0,0,0,0
3/18/2020,Barbados,2,0,,1,1.4,0,0,,0,,0,0,0,,0,,2,2,0,0,0,0,0,0,0,0,0,0,0,0,0,0
3/17/2020,Belarus,51,51,1.0,51,1.0,0,0,1.0,0,1.0,3,0,0,1.0,0,1.0,48,1,1,0,0,0,0,0,0,0,0,0,0,0,0,0
3/18/2020,Belarus,51,0,,25.5,1.4,0,0,,0,,5,0,0,,0,,46,2,2,0,0,0,0,0,0,0,0,0,0,0,0,0
3/17/2020,Belgium,1486,1486,1.0,1486,1.0,14,14,1.0,14,1.0,14,33,33,1.0,33,1.0,1458,1,1,1,1,1,1,1,0,0,0,1,1,0,0,0
3/18/2020,Belgium,1486,0,,743,1.4,14,0,,7,1.4,31,33,33,0.7,33,0.7,1441,2,2,2,2,2,2,2,0,0,0,2,2,0,0,0
3/17/2020,Benin,2,2,1.0,2,1.0,0,0,1.0,0,1.0,0,0,0,1.0,0,1.0,2,1,0,0,0,0,0,0,0,0,0,0,0,0,0,0
3/18/2020,Benin,2,0,,1,1.4,0,0,,0,,0,0,0,,0,,2,2,0,0,0,0,0,0,0,0,0,0,0,0,0,0
3/18/2020,Bermuda,2,2,1.0,2,1.0,0,0,1.0,0,1.0,0,0,0,1.0,0,1.0,2,1,0,0,0,0,0,0,0,0,0,0,0,0,0,0
3/17/2020,Bhutan,1,1,1.0,1,1.0,0,0,1.0,0,1.0,0,0,0,1.0,0,1.0,1,1,0,0,0,0,0,0,0,0,0,0,0,0,0,0
3/18/2020,Bhutan,1,0,,0.5,1.4,0,0,,0,,0,0,0,,0,,1,2,0,0,0,0,0,0,0,0,0,0,0,0,0,0
3/17/2020,Bolivia,12,12,1.0,12,1.0,0,0,1.0,0,1.0,0,0,0,1.0,0,1.0,12,1,1,0,0,0,0,0,0,0,0,0,0,0,0,0
3/18/2020,Bolivia,12,0,,6,1.4,0,0,,0,,0,0,0,,0,,12,2,2,0,0,0,0,0,0,0,0,0,0,0,0,0
3/17/2020,Bosnia and Herzegovina,39,39,1.0,39,1.0,0,0,1.0,0,1.0,2,0,0,1.0,0,1.0,37,1,1,0,0,0,0,0,0,0,0,0,0,0,0,0
3/18/2020,Bosnia and Herzegovina,39,0,,19.5,1.4,0,0,,0,,2,0,0,,0,,37,2,2,0,0,0,0,0,0,0,0,0,0,0,0,0
3/17/2020,Brazil,529,529,1.0,529,1.0,4,4,1.0,4,1.0,2,18,18,1.0,18,1.0,523,1,1,1,1,0,1,0,0,0,0,1,1,0,0,0
3/18/2020,Brazil,529,0,,264.5,1.4,4,0,,2,1.4,2,18,18,0.7,18,0.7,523,2,2,2,2,0,2,0,0,0,0,2,2,0,0,0
3/17/2020,Brunei,68,68,1.0,68,1.0,0,0,1.0,0,1.0,0,1,1,1.0,1,1.0,68,1,1,0,0,0,0,0,0,0,0,1,0,0,0,0
3/18/2020,Brunei,68,0,,34,1.4,0,0,,0,,0,2,2,0.3,1.5,0.5,68,2,2,0,0,0,0,0,0,0,0,2,0,0,0,0
3/17/2020,Bulgaria,92,92,1.0,92,1.0,2,2,1.0,2,1.0,0,0,0,1.0,0,1.0,90,1,1,0,0,0,1,0,0,0,0,0,0,0,0,0
3/18/2020,Bulgaria,92,0,,46,1.4,2,0,,1,1.4,0,0,0,,0,,90,2,2,0,0,0,2,0,0,0,0,0,0,0,0,0
3/17/2020,Burkina Faso,20,20,1.0,20,1.0,1,1,1.0,1,1.0,0,0,0,1.0,0,1.0,19,1,1,0,0,0,1,0,0,0,0,0,0,0,0,0
3/18/2020,Burkina Faso,20,0,,10,1.4,1,0,,0.5,1.4,0,0,0,,0,,19,2,2,0,0,0,2,0,0,0,0,0,0,0,0,0
3/17/2020,Cambodia,37,37,1.0,37,1.0,0,0,1.0,0,1.0,1,0,0,1.0,0,1.0,36,1,1,0,0,0,0,0,0,0,0,0,0,0,0,0
3/18/2020,Cambodia,37,0,,18.5,1.4,0,0,,0,,1,0,0,,0,,36,2,2,0,0,0,0,0,0,0,0,0,0,0,0,0
3/17/2020,Cameroon,13,13,1.0,13,1.0,0,0,1.0,0,1.0,0,0,0,1.0,0,1.0,13,1,1,0,0,0,0,0,0,0,0,0,0,0,0,0
3/18/2020,Cameroon,13,0,,6.5,1.4,0,0,,0,,0,0,0,,0,,13,2,2,0,0,0,0,0,0,0,0,0,0,0,0,0
3/17/2020,Canada,727,727,1.0,727,1.0,9,9,1.0,9,1.0,12,1,1,1.0,1,1.0,706,1,1,1,1,0,1,1,0,0,0,1,0,0,0,0
3/18/2020,Canada,727,0,,363.5,1.4,9,0,,4.5,1.4,12,1,1,0.7,1,0.7,706,2,2,2,2,0,2,2,0,0,0,2,0,0,0,0
3/17/2020,CAR,1,1,1.0,1,1.0,0,0,1.0,0,1.0,0,0,0,1.0,0,1.0,1,1,0,0,0,0,0,0,0,0,0,0,0,0,0,0
3/18/2020,CAR,1,0,,0.5,1.4,0,0,,0,,0,0,0,,0,,1,2,0,0,0,0,0,0,0,0,0,0,0,0,0,0
3/17/2020,Cayman Islands,1,1,1.0,1,1.0,1,1,1.0,1,1.0,0,0,0,1.0,0,1.0,0,1,0,0,0,0,1,0,0,0,0,0,0,0,0,0
3/18/2020,Cayman Islands,1,0,,0.5,1.4,1,0,,0.5,1.4,0,0,0,,0,,0,2,0,0,0,0,2,0,0,0,0,0,0,0,0,0
3/17/2020,Channel Islands,7,7,1.0,7,1.0,0,0,1.0,0,1.0,0,0,0,1.0,0,1.0,7,1,1,0,0,0,0,0,0,0,0,0,0,0,0,0
3/18/2020,Channel Islands,7,0,,3.5,1.4,0,0,,0,,0,0,0,,0,,7,2,2,0,0,0,0,0,0,0,0,0,0,0,0,0
3/17/2020,Chile,238,238,1.0,238,1.0,0,0,1.0,0,1.0,0,3,3,1.0,3,1.0,238,1,1,1,0,0,0,0,0,0,0,1,0,0,0,0
3/18/2020,Chile,238,0,,119,1.4,0,0,,0,,0,3,3,0.7,3,0.7,238,2,2,2,0,0,0,0,0,0,0,2,0,0,0,0
3/17/2020,China,80894,80894,1.0,80894,1.0,3237,3237,1.0,3237,1.0,69614,2622,2622,1.0,2622,1.0,8043,1,1,1,1,1,1,1,1,1,1,1,1,1,1,1
3/18/2020,China,80928,34,1665.5,40464,1.4,3245,8,283.2,1622.5,1.4,70420,2274,2274,0.8,2448,0.7,7263,2,2,2,2,2,2,2,2,2,2,2,2,2,2,2
3/17/2020,Colombia,93,93,1.0,93,1.0,0,0,1.0,0,1.0,1,0,0,1.0,0,1.0,92,1,1,0,0,0,0,0,0,0,0,0,0,0,0,0
3/18/2020,Colombia,102,9,7.2,51,1.3,0,0,,0,,1,0,0,,0,,101,2,2,1,0,0,0,0,0,0,0,0,0,0,0,0
3/17/2020,Congo,1,1,1.0,1,1.0,0,0,1.0,0,1.0,0,0,0,1.0,0,1.0,1,1,0,0,0,0,0,0,0,0,0,0,0,0,0,0
3/18/2020,Congo,1,0,,0.5,1.4,0,0,,0,,0,0,0,,0,,1,2,0,0,0,0,0,0,0,0,0,0,0,0,0,0
3/17/2020,Costa Rica,69,69,1.0,69,1.0,1,1,1.0,1,1.0,0,3,3,1.0,3,1.0,68,1,1,0,0,0,1,0,0,0,0,1,0,0,0,0
3/18/2020,Costa Rica,69,0,,34.5,1.4,1,0,,0.5,1.4,0,2,2,1.1,2.5,0.8,68,2,2,0,0,0,2,0,0,0,0,2,0,0,0,0
3/17/2020,Croatia,89,89,1.0,89,1.0,0,0,1.0,0,1.0,5,0,0,1.0,0,1.0,84,1,1,0,0,0,0,0,0,0,0,0,0,0,0,0
3/18/2020,Croatia,89,0,,44.5,1.4,0,0,,0,,5,0,0,,0,,84,2,2,0,0,0,0,0,0,0,0,0,0,0,0,0
3/17/2020,Cuba,10,10,1.0,10,1.0,1,1,1.0,1,1.0,0,0,0,1.0,0,1.0,9,1,1,0,0,0,1,0,0,0,0,0,0,0,0,0
3/18/2020,Cuba,10,0,,5,1.4,1,0,,0.5,1.4,0,0,0,,0,,9,2,2,0,0,0,2,0,0,0,0,0,0,0,0,0
3/17/2020,Curaçao,3,3,1.0,3,1.0,0,0,1.0,0,1.0,0,0,0,1.0,0,1.0,3,1,0,0,0,0,0,0,0,0,0,0,0,0,0,0
3/18/2020,Curaçao,3,0,,1.5,1.4,1,1,,0.5,,0,0,0,,0,,2,2,0,0,0,0,1,0,0,0,0,0,0,0,0,0
3/17/2020,Cyprus,58,58,1.0,58,1.0,0,0,1.0,0,1.0,0,1,1,1.0,1,1.0,58,1,1,0,0,0,0,0,0,0,0,1,0,0,0,0
3/18/2020,Cyprus,58,0,,29,1.4,0,0,,0,,0,1,1,0.7,1,0.7,58,2,2,0,0,0,0,0,0,0,0,2,0,0,0,0
3/17/2020,Czechia,522,522,1.0,522,1.0,0,0,1.0,0,1.0,3,2,2,1.0,2,1.0,519,1,1,1,1,0,0,0,0,0,0,1,0,0,0,0
3/18/2020,Czechia,522,0,,261,1.4,0,0,,0,,3,5,5,0.3,3.5,0.4,519,2,2,2,2,0,0,0,0,0,0,2,1,0,0,0
3/17/2020,Denmark,1057,1057,1.0,1057,1.0,4,4,1.0,4,1.0,1,18,18,1.0,18,1.0,1052,1,1,1,1,1,1,0,0,0,0,1,1,0,0,0
3/18/2020,Denmark,1057,0,,528.5,1.4,4,0,,2,1.4,1,24,24,0.5,21,0.6,1052,2,2,2,2,2,2,0,0,0,0,2,2,0,0,0
3/17/2020,Diamond Princess,712,712,1.0,712,1.0,7,7,1.0,7,1.0,456,14,14,1.0,14,1.0,249,1,1,1,1,0,1,1,0,0,0,1,1,0,0,0
3/18/2020,Diamond Princess,712,0,,356,1.4,7,0,,3.5,1.4,527,14,14,0.7,14,0.7,178,2,2,2,2,0,2,2,0,0,0,2,2,0,0,0
3/18/2020,Djibouti,1,1,1.0,1,1.0,0,0,1.0,0,1.0,0,0,0,1.0,0,1.0,1,1,0,0,0,0,0,0,0,0,0,0,0,0,0,0
3/17/2020,Dominican Republic,34,34,1.0,34,1.0,2,2,1.0,2,1.0,0,0,0,1.0,0,1.0,32,1,1,0,0,0,1,0,0,0,0,0,0,0,0,0
3/18/2020,Dominican Republic,34,0,,17,1.4,2,0,,1,1.4,0,0,0,,0,,32,2,2,0,0,0,2,0,0,0,0,0,0,0,0,0
3/17/2020,DRC,7,7,1.0,7,1.0,0,0,1.0,0,1.0,0,0,0,1.0,0,1.0,7,1,1,0,0,0,0,0,0,0,0,0,0,0,0,0
3/18/2020,DRC,7,0,,3.5,1.4,0,0,,0,,0,0,0,,0,,7,2,2,0,0,0,0,0,0,0,0,0,0,0,0,0
3/17/2020,Ecuador,168,168,1.0,168,1.0,3,3,1.0,3,1.0,0,2,2,1.0,2,1.0,165,1,1,1,0,0,1,0,0,0,0,1,0,0,0,0
3/18/2020,Ecuador,168,0,,84,1.4,3,0,,1.5,1.4,1,2,2,0.7,2,0.7,164,2,2,2,0,0,2,0,0,0,0,2,0,0,0,0
3/17/2020,Egypt,210,210,1.0,210,1.0,6,6,1.0,6,1.0,26,0,0,1.0,0,1.0,178,1,1,1,0,0,1,1,0,0,0,0,0,0,0,0
3/18/2020,Egypt,210,0,,105,1.4,6,0,,3,1.4,28,0,0,,0,,176,2,2,2,0,0,2,2,0,0,0,0,0,0,0,0
3/18/2020,El Salvador,1,1,1.0,1,1.0,0,0,1.0,0,1.0,0,0,0,1.0,0,1.0,1,1,0,0,0,0,0,0,0,0,0,0,0,0,0,0
3/17/2020,Equatorial Guinea,4,4,1.0,4,1.0,0,0,1.0,0,1.0,0,0,0,1.0,0,1.0,4,1,0,0,0,0,0,0,0,0,0,0,0,0,0,0
3/18/2020,Equatorial Guinea,4,0,,2,1.4,0,0,,0,,0,0,0,,0,,4,2,0,0,0,0,0,0,0,0,0,0,0,0,0,0
3/17/2020,Estonia,258,258,1.0,258,1.0,0,0,1.0,0,1.0,1,0,0,1.0,0,1.0,257,1,1,1,1,0,0,0,0,0,0,0,0,0,0,0
3/18/2020,Estonia,258,0,,129,1.4,0,0,,0,,1,1,1,,0.5,,257,2,2,2,2,0,0,0,0,0,0,1,0,0,0,0
3/17/2020,Eswatini,1,1,1.0,1,1.0,0,0,1.0,0,1.0,0,0,0,1.0,0,1.0,1,1,0,0,0,0,0,0,0,0,0,0,0,0,0,0
3/18/2020,Eswatini,1,0,,0.5,1.4,0,0,,0,,0,0,0,,0,,1,2,0,0,0,0,0,0,0,0,0,0,0,0,0,0
3/17/2020,Ethiopia,6,6,1.0,6,1.0,0,0,1.0,0,1.0,0,0,0,1.0,0,1.0,6,1,1,0,0,0,0,0,0,0,0,0,0,0,0,0
3/18/2020,Ethiopia,6,0,,3,1.4,0,0,,0,,0,0,0,,0,,6,2,2,0,0,0,0,0,0,0,0,0,0,0,0,0
3/17/2020,Faeroe Islands,58,58,1.0,58,1.0,0,0,1.0,0,1.0,0,0,0,1.0,0,1.0,58,1,1,0,0,0,0,0,0,0,0,0,0,0,0,0
3/18/2020,Faeroe Islands,58,0,,29,1.4,0,0,,0,,1,0,0,,0,,57,2,2,0,0,0,0,0,0,0,0,0,0,0,0,0
3/18/2020,Fiji,1,1,1.0,1,1.0,0,0,1.0,0,1.0,0,0,0,1.0,0,1.0,1,1,0,0,0,0,0,0,0,0,0,0,0,0,0,0
3/17/2020,Finland,359,359,1.0,359,1.0,0,0,1.0,0,1.0,10,2,2,1.0,2,1.0,349,1,1,1,1,0,0,0,0,0,0,1,0,0,0,0
3/18/2020,Finland,359,0,,179.5,1.4,0,0,,0,,10,2,2,0.7,2,0.7,349,2,2,2,2,0,0,0,0,0,0,2,0,0,0,0
3/17/2020,France,9134,9134,1.0,9134,1.0,264,264,1.0,264,1.0,602,699,699,1.0,699,1.0,8268,1,1,1,1,1,1,1,1,1,0,1,1,1,1,0
3/18/2020,France,9134,0,,4567,1.4,264,0,,132,1.4,602,931,931,0.5,815,0.6,8268,2,2,2,2,2,2,2,2,2,0,2,2,2,2,0
3/17/2020,French Guiana,15,15,1.0,15,1.0,0,0,1.0,0,1.0,0,0,0,1.0,0,1.0,15,1,1,0,0,0,0,0,0,0,0,0,0,0,0,0
3/18/2020,French Guiana,15,0,,7.5,1.4,0,0,,0,,0,0,0,,0,,15,2,2,0,0,0,0,0,0,0,0,0,0,0,0,0
3/17/2020,French Polynesia,5,5,1.0,5,1.0,0,0,1.0,0,1.0,0,0,0,1.0,0,1.0,5,1,1,0,0,0,0,0,0,0,0,0,0,0,0,0
3/18/2020,French Polynesia,5,0,,2.5,1.4,0,0,,0,,0,0,0,,0,,5,2,2,0,0,0,0,0,0,0,0,0,0,0,0,0
3/17/2020,Gabon,3,3,1.0,3,1.0,0,0,1.0,0,1.0,0,0,0,1.0,0,1.0,3,1,0,0,0,0,0,0,0,0,0,0,0,0,0,0
3/18/2020,Gabon,3,0,,1.5,1.4,0,0,,0,,0,0,0,,0,,3,2,0,0,0,0,0,0,0,0,0,0,0,0,0,0
3/17/2020,Gambia,1,1,1.0,1,1.0,0,0,1.0,0,1.0,0,0,0,1.0,0,1.0,1,1,0,0,0,0,0,0,0,0,0,0,0,0,0,0
3/18/2020,Gambia,1,0,,0.5,1.4,0,0,,0,,0,0,0,,0,,1,2,0,0,0,0,0,0,0,0,0,0,0,0,0,0
3/17/2020,Georgia,38,38,1.0,38,1.0,0,0,1.0,0,1.0,1,1,1,1.0,1,1.0,37,1,1,0,0,0,0,0,0,0,0,1,0,0,0,0
3/18/2020,Georgia,38,0,,19,1.4,0,0,,0,,1,1,1,0.7,1,0.7,37,2,2,0,0,0,0,0,0,0,0,2,0,0,0,0
3/17/2020,Germany,12327,12327,1.0,12327,1.0,28,28,1.0,28,1.0,67,2,2,1.0,2,1.0,12232,1,1,1,1,1,1,1,0,0,0,1,0,0,0,0
3/18/2020,Germany,12327,0,,6163.5,1.4,28,0,,14,1.4,105,2,2,0.7,2,0.7,12194,2,2,2,2,2,2,2,0,0,0,2,0,0,0,0
3/17/2020,Ghana,7,7,1.0,7,1.0,0,0,1.0,0,1.0,0,0,0,1.0,0,1.0,7,1,1,0,0,0,0,0,0,0,0,0,0,0,0,0
3/18/2020,Ghana,7,0,,3.5,1.4,0,0,,0,,0,0,0,,0,,7,2,2,0,0,0,0,0,0,0,0,0,0,0,0,0
3/17/2020,Gibraltar,8,8,1.0,8,1.0,0,0,1.0,0,1.0,2,0,0,1.0,0,1.0,6,1,1,0,0,0,0,0,0,0,0,0,0,0,0,0
3/18/2020,Gibraltar,8,0,,4,1.4,0,0,,0,,2,0,0,,0,,6,2,2,0,0,0,0,0,0,0,0,0,0,0,0,0
3/17/2020,Greece,418,418,1.0,418,1.0,5,5,1.0,5,1.0,14,11,11,1.0,11,1.0,399,1,1,1,1,0,1,1,0,0,0,1,1,0,0,0
3/18/2020,Greece,418,0,,209,1.4,5,0,,2.5,1.4,14,13,13,0.6,12,0.6,399,2,2,2,2,0,2,2,0,0,0,2,2,0,0,0
3/17/2020,Greenland,2,2,1.0,2,1.0,0,0,1.0,0,1.0,0,0,0,1.0,0,1.0,2,1,0,0,0,0,0,0,0,0,0,0,0,0,0,0
3/18/2020,Greenland,2,0,,1,1.4,0,0,,0,,0,0,0,,0,,2,2,0,0,0,0,0,0,0,0,0,0,0,0,0,0
3/17/2020,Guadeloupe,33,33,1.0,33,1.0,0,0,1.0,0,1.0,0,0,0,1.0,0,1.0,33,1,1,0,0,0,0,0,0,0,0,0,0,0,0,0
3/18/2020,Guadeloupe,33,0,,16.5,1.4,0,0,,0,,0,0,0,,0,,33,2,2,0,0,0,0,0,0,0,0,0,0,0,0,0
3/17/2020,Guam,8,8,1.0,8,1.0,0,0,1.0,0,1.0,0,0,0,1.0,0,1.0,8,1,1,0,0,0,0,0,0,0,0,0,0,0,0,0
3/18/2020,Guam,8,0,,4,1.4,0,0,,0,,0,0,0,,0,,8,2,2,0,0,0,0,0,0,0,0,0,0,0,0,0
3/17/2020,Guatemala,8,8,1.0,8,1.0,1,1,1.0,1,1.0,0,0,0,1.0,0,1.0,7,1,1,0,0,0,1,0,0,0,0,0,0,0,0,0
3/18/2020,Guatemala,8,0,,4,1.4,1,0,,0.5,1.4,0,0,0,,0,,7,2,2,0,0,0,2,0,0,0,0,0,0,0,0,0
3/17/2020,Guinea,1,1,1.0,1,1.0,0,0,1.0,0,1.0,0,0,0,1.0,0,1.0,1,1,0,0,0,0,0,0,0,0,0,0,0,0,0,0
3/18/2020,Guinea,1,0,,0.5,1.4,0,0,,0,,0,0,0,,0,,1,2,0,0,0,0,0,0,0,0,0,0,0,0,0,0
3/17/2020,Guyana,4,4,1.0,4,1.0,1,1,1.0,1,1.0,0,0,0,1.0,0,1.0,3,1,0,0,0,0,1,0,0,0,0,0,0,0,0,0
3/18/2020,Guyana,4,0,,2,1.4,1,0,,0.5,1.4,0,0,0,,0,,3,2,0,0,0,0,2,0,0,0,0,0,0,0,0,0
3/17/2020,Honduras,9,9,1.0,9,1.0,0,0,1.0,0,1.0,0,0,0,1.0,0,1.0,9,1,1,0,0,0,0,0,0,0,0,0,0,0,0,0
3/18/2020,Honduras,9,0,,4.5,1.4,0,0,,0,,0,0,0,,0,,9,2,2,0,0,0,0,0,0,0,0,0,0,0,0,0
3/17/2020,Hong Kong,193,193,1.0,193,1.0,4,4,1.0,4,1.0,81,4,4,1.0,4,1.0,108,1,1,1,0,0,1,0,0,0,0,1,0,0,0,0
3/18/2020,Hong Kong,193,0,,96.5,1.4,4,0,,2,1.4,95,4,4,0.7,4,0.7,94,2,2,2,0,0,2,0,0,0,0,2,0,0,0,0
3/17/2020,Hungary,58,58,1.0,58,1.0,1,1,1.0,1,1.0,2,0,0,1.0,0,1.0,55,1,1,0,0,0,1,0,0,0,0,0,0,0,0,0
3/18/2020,Hungary,58,0,,29,1.4,1,0,,0.5,1.4,2,4,4,,2,,55,2,2,0,0,0,2,0,0,0,0,1,0,0,0,0
3/17/2020,Iceland,250,250,1.0,250,1.0,0,0,1.0,0,1.0,5,1,1,1.0,1,1.0,245,1,1,1,1,0,0,0,0,0,0,1,0,0,0,0
3/18/2020,Iceland,250,0,,125,1.4,0,0,,0,,5,1,1,0.7,1,0.7,245,2,2,2,2,0,0,0,0,0,0,2,0,0,0,0
3/17/2020,India,169,169,1.0,169,1.0,3,3,1.0,3,1.0,14,0,0,1.0,0,1.0,152,1,1,1,0,0,1,0,0,0,0,0,0,0,0,0
3/18/2020,India,170,1,118.3,85,1.4,3,0,,1.5,1.4,15,0,0,,0,,152,2,2,2,0,0,2,0,0,0,0,0,0,0,0,0
3/17/2020,Indonesia,227,227,1.0,227,1.0,19,19,1.0,19,1.0,9,0,0,1.0,0,1.0,199,1,1,1,0,0,1,1,0,0,0,0,0,0,0,0
3/18/2020,Indonesia,227,0,,113.5,1.4,19,0,,9.5,1.4,11,0,0,,0,,197,2,2,2,0,0,2,2,0,0,0,0,0,0,0,0
3/17/2020,Iran,17361,17361,1.0,17361,1.0,1135,1135,1.0,1135,1.0,5389,0,0,1.0,0,1.0,10837,1,1,1,1,1,1,1,1,1,1,0,0,0,0,0
3/18/2020,Iran,17361,0,,8680.5,1.4,1135,0,,567.5,1.4,5710,0,0,,0,,10516,2,2,2,2,2,2,2,2,2,2,0,0,0,0,0
3/17/2020,Iraq,164,164,1.0,164,1.0,12,12,1.0,12,1.0,41,0,0,1.0,0,1.0,111,1,1,1,0,0,1,1,0,0,0,0,0,0,0,0
3/18/2020,Iraq,164,0,,82,1.4,12,0,,6,1.4,43,0,0,,0,,109,2,2,2,0,0,2,2,0,0,0,0,0,0,0,0
3/17/2020,Ireland,366,366,1.0,366,1.0,2,2,1.0,2,1.0,5,6,6,1.0,6,1.0,359,1,1,1,1,0,1,0,0,0,0,1,1,0,0,0
3/18/2020,Ireland,366,0,,183,1.4,2,0,,1,1.4,5,6,6,0.7,6,0.7,359,2,2,2,2,0,2,0,0,0,0,2,2,0,0,0
3/17/2020,Israel,433,433,1.0,433,1.0,0,0,1.0,0,1.0,11,5,5,1.0,5,1.0,422,1,1,1,1,0,0,0,0,0,0,1,1,0,0,0
3/18/2020,Israel,433,0,,216.5,1.4,0,0,,0,,11,6,6,0.6,5.5,0.6,422,2,2,2,2,0,0,0,0,0,0,2,2,0,0,0
3/17/2020,Italy,35713,35713,1.0,35713,1.0,2978,2978,1.0,2978,1.0,2941,2060,2060,1.0,2060,1.0,29794,1,1,1,1,1,1,1,1,1,1,1,1,1,1,1
3/18/2020,Italy,35713,0,,17856.5,1.4,2978,0,,1489,1.4,4025,2257,2257,0.6,2158.5,0.7,28710,2,2,2,2,2,2,2,2,2,2,2,2,2,2,2
3/17/2020,Ivory Coast,9,9,1.0,9,1.0,0,0,1.0,0,1.0,0,0,0,1.0,0,1.0,9,1,1,0,0,0,0,0,0,0,0,0,0,0,0,0
3/18/2020,Ivory Coast,9,0,,4.5,1.4,0,0,,0,,1,0,0,,0,,8,2,2,0,0,0,0,0,0,0,0,0,0,0,0,0
3/17/2020,Jamaica,15,15,1.0,15,1.0,1,1,1.0,1,1.0,2,0,0,1.0,0,1.0,12,1,1,0,0,0,1,0,0,0,0,0,0,0,0,0
3/18/2020,Jamaica,15,0,,7.5,1.4,1,0,,0.5,1.4,2,0,0,,0,,12,2,2,0,0,0,2,0,0,0,0,0,0,0,0,0
3/17/2020,Japan,914,914,1.0,914,1.0,29,29,1.0,29,1.0,144,41,41,1.0,41,1.0,741,1,1,1,1,0,1,1,0,0,0,1,1,0,0,0
3/18/2020,Japan,923,9,71.1,461.5,1.4,32,3,6.8,16,1.3,191,46,46,0.6,43.5,0.7,700,2,2,2,2,0,2,2,0,0,0,2,2,0,0,0
3/17/2020,Jordan,56,56,1.0,56,1.0,0,0,1.0,0,1.0,1,0,0,1.0,0,1.0,55,1,1,0,0,0,0,0,0,0,0,0,0,0,0,0
3/18/2020,Jordan,56,0,,28,1.4,0,0,,0,,1,0,0,,0,,55,2,2,0,0,0,0,0,0,0,0,0,0,0,0,0
3/17/2020,Kazakhstan,36,36,1.0,36,1.0,0,0,1.0,0,1.0,0,0,0,1.0,0,1.0,36,1,1,0,0,0,0,0,0,0,0,0,0,0,0,0
3/18/2020,Kazakhstan,37,1,25.2,18.5,1.4,0,0,,0,,0,0,0,,0,,37,2,2,0,0,0,0,0,0,0,0,0,0,0,0,0
3/17/2020,Kenya,7,7,1.0,7,1.0,0,0,1.0,0,1.0,0,0,0,1.0,0,1.0,7,1,1,0,0,0,0,0,0,0,0,0,0,0,0,0
3/18/2020,Kenya,7,0,,3.5,1.4,0,0,,0,,0,0,0,,0,,7,2,2,0,0,0,0,0,0,0,0,0,0,0,0,0
3/17/2020,Kuwait,142,142,1.0,142,1.0,0,0,1.0,0,1.0,12,4,4,1.0,4,1.0,130,1,1,1,0,0,0,0,0,0,0,1,0,0,0,0
3/18/2020,Kuwait,142,0,,71,1.4,0,0,,0,,15,4,4,0.7,4,0.7,127,2,2,2,0,0,0,0,0,0,0,2,0,0,0,0
3/18/2020,Kyrgyzstan,3,3,1.0,3,1.0,0,0,1.0,0,1.0,0,0,0,1.0,0,1.0,3,1,0,0,0,0,0,0,0,0,0,0,0,0,0,0
3/17/2020,Latvia,71,71,1.0,71,1.0,0,0,1.0,0,1.0,1,0,0,1.0,0,1.0,70,1,1,0,0,0,0,0,0,0,0,0,0,0,0,0
3/18/2020,Latvia,71,0,,35.5,1.4,0,0,,0,,1,0,0,,0,,70,2,2,0,0,0,0,0,0,0,0,0,0,0,0,0
3/17/2020,Lebanon,133,133,1.0,133,1.0,4,4,1.0,4,1.0,4,3,3,1.0,3,1.0,125,1,1,1,0,0,1,0,0,0,0,1,0,0,0,0
3/18/2020,Lebanon,133,0,,66.5,1.4,4,0,,2,1.4,4,3,3,0.7,3,0.7,125,2,2,2,0,0,2,0,0,0,0,2,0,0,0,0
3/17/2020,Liberia,2,2,1.0,2,1.0,0,0,1.0,0,1.0,0,0,0,1.0,0,1.0,2,1,0,0,0,0,0,0,0,0,0,0,0,0,0,0
3/18/2020,Liberia,2,0,,1,1.4,0,0,,0,,0,0,0,,0,,2,2,0,0,0,0,0,0,0,0,0,0,0,0,0,0
3/17/2020,Liechtenstein,28,28,1.0,28,1.0,0,0,1.0,0,1.0,0,0,0,1.0,0,1.0,28,1,1,0,0,0,0,0,0,0,0,0,0,0,0,0
3/18/2020,Liechtenstein,28,0,,14,1.4,0,0,,0,,0,0,0,,0,,28,2,2,0,0,0,0,0,0,0,0,0,0,0,0,0
3/17/2020,Lithuania,34,34,1.0,34,1.0,0,0,1.0,0,1.0,1,1,1,1.0,1,1.0,33,1,1,0,0,0,0,0,0,0,0,1,0,0,0,0
3/18/2020,Lithuania,34,0,,17,1.4,0,0,,0,,1,1,1,0.7,1,0.7,33,2,2,0,0,0,0,0,0,0,0,2,0,0,0,0
3/17/2020,Luxembourg,203,203,1.0,203,1.0,2,2,1.0,2,1.0,0,1,1,1.0,1,1.0,201,1,1,1,0,0,1,0,0,0,0,1,0,0,0,0
3/18/2020,Luxembourg,203,0,,101.5,1.4,2,0,,1,1.4,0,1,1,0.7,1,0.7,201,2,2,2,0,0,2,0,0,0,0,2,0,0,0,0
3/17/2020,Macao,17,17,1.0,17,1.0,0,0,1.0,0,1.0,10,0,0,1.0,0,1.0,7,1,1,0,0,0,0,0,0,0,0,0,0,0,0,0
3/18/2020,Macao,17,0,,8.5,1.4,0,0,,0,,10,0,0,,0,,7,2,2,0,0,0,0,0,0,0,0,0,0,0,0,0
3/17/2020,Malaysia,790,790,1.0,790,1.0,2,2,1.0,2,1.0,49,10,10,1.0,10,1.0,739,1,1,1,1,0,1,0,0,0,0,1,1,0,0,0
3/18/2020,Malaysia,790,0,,395,1.4,2,0,,1,1.4,60,15,15,0.5,12.5,0.6,728,2,2,2,2,0,2,0,0,0,0,2,2,0,0,0
3/17/2020,Maldives,13,13,1.0,13,1.0,0,0,1.0,0,1.0,0,0,0,1.0,0,1.0,13,1,1,0,0,0,0,0,0,0,0,0,0,0,0,0
3/18/2020,Maldives,13,0,,6.5,1.4,0,0,,0,,0,0,0,,0,,13,2,2,0,0,0,0,0,0,0,0,0,0,0,0,0
3/17/2020,Malta,48,48,1.0,48,1.0,0,0,1.0,0,1.0,2,0,0,1.0,0,1.0,46,1,1,0,0,0,0,0,0,0,0,0,0,0,0,0
3/18/2020,Malta,48,0,,24,1.4,0,0,,0,,2,0,0,,0,,46,2,2,0,0,0,0,0,0,0,0,0,0,0,0,0
3/17/2020,Martinique,23,23,1.0,23,1.0,1,1,1.0,1,1.0,0,0,0,1.0,0,1.0,22,1,1,0,0,0,1,0,0,0,0,0,0,0,0,0
3/18/2020,Martinique,23,0,,11.5,1.4,1,0,,0.5,1.4,0,0,0,,0,,22,2,2,0,0,0,2,0,0,0,0,0,0,0,0,0
3/17/2020,Mauritania,2,2,1.0,2,1.0,0,0,1.0,0,1.0,0,0,0,1.0,0,1.0,2,1,0,0,0,0,0,0,0,0,0,0,0,0,0,0
3/18/2020,Mauritania,2,0,,1,1.4,0,0,,0,,0,0,0,,0,,2,2,0,0,0,0,0,0,0,0,0,0,0,0,0,0
3/18/2020,Mauritius,3,3,1.0,3,1.0,0,0,1.0,0,1.0,0,0,0,1.0,0,1.0,3,1,0,0,0,0,0,0,0,0,0,0,0,0,0,0
3/17/2020,Mayotte,3,3,1.0,3,1.0,0,0,1.0,0,1.0,0,0,0,1.0,0,1.0,3,1,0,0,0,0,0,0,0,0,0,0,0,0,0,0
3/18/2020,Mayotte,3,0,,1.5,1.4,0,0,,0,,0,0,0,,0,,3,2,0,0,0,0,0,0,0,0,0,0,0,0,0,0
3/17/2020,Mexico,93,93,1.0,93,1.0,0,0,1.0,0,1.0,4,1,1,1.0,1,1.0,89,1,1,0,0,0,0,0,0,0,0,1,0,0,0,0
3/18/2020,Mexico,118,25,2.6,59,1.1,0,0,,0,,4,1,1,0.7,1,0.7,114,2,2,1,0,0,0,0,0,0,0,2,0,0,0,0
3/17/2020,Moldova,36,36,1.0,36,1.0,1,1,1.0,1,1.0,1,1,1,1.0,1,1.0,34,1,1,0,0,0,1,0,0,0,0,1,0,0,0,0
3/18/2020,Moldova,36,0,,18,1.4,1,0,,0.5,1.4,1,2,2,0.3,1.5,0.5,34,2,2,0,0,0,2,0,0,0,0,2,0,0,0,0
3/17/2020,Monaco,9,9,1.0,9,1.0,0,0,1.0,0,1.0,0,0,0,1.0,0,1.0,9,1,1,0,0,0,0,0,0,0,0,0,0,0,0,0
3/18/2020,Monaco,9,0,,4.5,1.4,0,0,,0,,0,0,0,,0,,9,2,2,0,0,0,0,0,0,0,0,0,0,0,0,0
3/17/2020,Mongolia,6,6,1.0,6,1.0,0,0,1.0,0,1.0,0,0,0,1.0,0,1.0,6,1,1,0,0,0,0,0,0,0,0,0,0,0,0,0
3/18/2020,Mongolia,6,0,,3,1.4,0,0,,0,,0,0,0,,0,,6,2,2,0,0,0,0,0,0,0,0,0,0,0,0,0
3/17/2020,Montenegro,8,8,1.0,8,1.0,0,0,1.0,0,1.0,0,0,0,1.0,0,1.0,8,1,1,0,0,0,0,0,0,0,0,0,0,0,0,0
3/18/2020,Montenegro,8,0,,4,1.4,0,0,,0,,0,0,0,,0,,8,2,2,0,0,0,0,0,0,0,0,0,0,0,0,0
3/18/2020,Montserrat,1,1,1.0,1,1.0,0,0,1.0,0,1.0,0,0,0,1.0,0,1.0,1,1,0,0,0,0,0,0,0,0,0,0,0,0,0,0
3/17/2020,Morocco,54,54,1.0,54,1.0,2,2,1.0,2,1.0,1,1,1,1.0,1,1.0,51,1,1,0,0,0,1,0,0,0,0,1,0,0,0,0
3/18/2020,Morocco,54,0,,27,1.4,2,0,,1,1.4,1,1,1,0.7,1,0.7,51,2,2,0,0,0,2,0,0,0,0,2,0,0,0,0
3/17/2020,Namibia,2,2,1.0,2,1.0,0,0,1.0,0,1.0,0,0,0,1.0,0,1.0,2,1,0,0,0,0,0,0,0,0,0,0,0,0,0,0
3/18/2020,Namibia,2,0,,1,1.4,0,0,,0,,0,0,0,,0,,2,2,0,0,0,0,0,0,0,0,0,0,0,0,0,0
3/17/2020,Nepal,1,1,1.0,1,1.0,0,0,1.0,0,1.0,1,0,0,1.0,0,1.0,0,1,0,0,0,0,0,0,0,0,0,0,0,0,0,0
3/18/2020,Nepal,1,0,,0.5,1.4,0,0,,0,,1,0,0,,0,,0,2,0,0,0,0,0,0,0,0,0,0,0,0,0,0
3/17/2020,Netherlands,2051,2051,1.0,2051,1.0,58,58,1.0,58,1.0,2,45,45,1.0,45,1.0,1991,1,1,1,1,1,1,1,0,0,0,1,1,0,0,0
3/18/2020,Netherlands,2051,0,,1025.5,1.4,58,0,,29,1.4,2,45,45,0.7,45,0.7,1991,2,2,2,2,2,2,2,0,0,0,2,2,0,0,0
3/18/2020,New Caledonia,2,2,1.0,2,1.0,0,0,1.0,0,1.0,0,0,0,1.0,0,1.0,2,1,0,0,0,0,0,0,0,0,0,0,0,0,0,0
3/17/2020,New Zealand,20,20,1.0,20,1.0,0,0,1.0,0,1.0,0,0,0,1.0,0,1.0,20,1,1,0,0,0,0,0,0,0,0,0,0,0,0,0
3/18/2020,New Zealand,28,8,1.8,14,1.0,0,0,,0,,0,0,0,,0,,28,2,2,0,0,0,0,0,0,0,0,0,0,0,0,0
3/18/2020,Nicaragua,1,1,1.0,1,1.0,0,0,1.0,0,1.0,0,0,0,1.0,0,1.0,1,1,0,0,0,0,0,0,0,0,0,0,0,0,0,0
3/17/2020,Nigeria,8,8,1.0,8,1.0,0,0,1.0,0,1.0,1,0,0,1.0,0,1.0,7,1,1,0,0,0,0,0,0,0,0,0,0,0,0,0
3/18/2020,Nigeria,8,0,,4,1.4,0,0,,0,,1,0,0,,0,,7,2,2,0,0,0,0,0,0,0,0,0,0,0,0,0
3/17/2020,North Macedonia,43,43,1.0,43,1.0,0,0,1.0,0,1.0,1,1,1,1.0,1,1.0,42,1,1,0,0,0,0,0,0,0,0,1,0,0,0,0
3/18/2020,North Macedonia,43,0,,21.5,1.4,0,0,,0,,1,1,1,0.7,1,0.7,42,2,2,0,0,0,0,0,0,0,0,2,0,0,0,0
3/17/2020,Norway,1591,1591,1.0,1591,1.0,6,6,1.0,6,1.0,1,27,27,1.0,27,1.0,1584,1,1,1,1,1,1,1,0,0,0,1,1,0,0,0
3/18/2020,Norway,1591,0,,795.5,1.4,6,0,,3,1.4,1,27,27,0.7,27,0.7,1584,2,2,2,2,2,2,2,0,0,0,2,2,0,0,0
3/17/2020,Oman,39,39,1.0,39,1.0,0,0,1.0,0,1.0,12,0,0,1.0,0,1.0,27,1,1,0,0,0,0,0,0,0,0,0,0,0,0,0
3/18/2020,Oman,39,0,,19.5,1.4,0,0,,0,,13,0,0,,0,,26,2,2,0,0,0,0,0,0,0,0,0,0,0,0,0
3/17/2020,Pakistan,307,307,1.0,307,1.0,2,2,1.0,2,1.0,2,0,0,1.0,0,1.0,303,1,1,1,1,0,1,0,0,0,0,0,0,0,0,0
3/18/2020,Pakistan,307,0,,153.5,1.4,2,0,,1,1.4,13,0,0,,0,,292,2,2,2,2,0,2,0,0,0,0,0,0,0,0,0
3/17/2020,Palestine,44,44,1.0,44,1.0,0,0,1.0,0,1.0,0,0,0,1.0,0,1.0,44,1,1,0,0,0,0,0,0,0,0,0,0,0,0,0
3/18/2020,Palestine,44,0,,22,1.4,0,0,,0,,0,0,0,,0,,44,2,2,0,0,0,0,0,0,0,0,0,0,0,0,0
3/17/2020,Panama,109,109,1.0,109,1.0,1,1,1.0,1,1.0,0,7,7,1.0,7,1.0,108,1,1,1,0,0,1,0,0,0,0,1,1,0,0,0
3/18/2020,Panama,109,0,,54.5,1.4,1,0,,0.5,1.4,0,7,7,0.7,7,0.7,108,2,2,2,0,0,2,0,0,0,0,2,2,0,0,0
3/17/2020,Paraguay,11,11,1.0,11,1.0,0,0,1.0,0,1.0,0,1,1,1.0,1,1.0,11,1,1,0,0,0,0,0,0,0,0,1,0,0,0,0
3/18/2020,Paraguay,11,0,,5.5,1.4,0,0,,0,,0,1,1,0.7,1,0.7,11,2,2,0,0,0,0,0,0,0,0,2,0,0,0,0
3/17/2020,Peru,145,145,1.0,145,1.0,0,0,1.0,0,1.0,1,8,8,1.0,8,1.0,144,1,1,1,0,0,0,0,0,0,0,1,1,0,0,0
3/18/2020,Peru,145,0,,72.5,1.4,0,0,,0,,1,8,8,0.7,8,0.7,144,2,2,2,0,0,0,0,0,0,0,2,2,0,0,0
3/17/2020,Philippines,202,202,1.0,202,1.0,17,17,1.0,17,1.0,4,1,1,1.0,1,1.0,181,1,1,1,0,0,1,1,0,0,0,1,0,0,0,0
3/18/2020,Philippines,202,0,,101,1.4,17,0,,8.5,1.4,7,1,1,0.7,1,0.7,178,2,2,2,0,0,2,2,0,0,0,2,0,0,0,0
3/17/2020,Poland,287,287,1.0,287,1.0,5,5,1.0,5,1.0,1,3,3,1.0,3,1.0,281,1,1,1,1,0,1,1,0,0,0,1,0,0,0,0
3/18/2020,Poland,287,0,,143.5,1.4,5,0,,2.5,1.4,13,3,3,0.7,3,0.7,269,2,2,2,2,0,2,2,0,0,0,2,0,0,0,0
3/17/2020,Portugal,642,642,1.0,642,1.0,2,2,1.0,2,1.0,3,18,18,1.0,18,1.0,637,1,1,1,1,0,1,0,0,0,0,1,1,0,0,0
3/18/2020,Portugal,642,0,,321,1.4,2,0,,1,1.4,4,18,18,0.7,18,0.7,636,2,2,2,2,0,2,0,0,0,0,2,2,0,0,0
3/17/2020,Puerto Rico,6,6,1.0,6,1.0,0,0,1.0,0,1.0,0,0,0,1.0,0,1.0,6,1,1,0,0,0,0,0,0,0,0,0,0,0,0,0
3/18/2020,Puerto Rico,6,0,,3,1.4,0,0,,0,,0,0,0,,0,,6,2,2,0,0,0,0,0,0,0,0,0,0,0,0,0
3/17/2020,Qatar,452,452,1.0,452,1.0,0,0,1.0,0,1.0,4,0,0,1.0,0,1.0,448,1,1,1,1,0,0,0,0,0,0,0,0,0,0,0
3/18/2020,Qatar,452,0,,226,1.4,0,0,,0,,4,0,0,,0,,448,2,2,2,2,0,0,0,0,0,0,0,0,0,0,0
3/17/2020,Réunion,14,14,1.0,14,1.0,0,0,1.0,0,1.0,0,0,0,1.0,0,1.0,14,1,1,0,0,0,0,0,0,0,0,0,0,0,0,0
3/18/2020,Réunion,14,0,,7,1.4,0,0,,0,,0,0,0,,0,,14,2,2,0,0,0,0,0,0,0,0,0,0,0,0,0
3/17/2020,Romania,260,260,1.0,260,1.0,0,0,1.0,0,1.0,19,5,5,1.0,5,1.0,241,1,1,1,1,0,0,0,0,0,0,1,1,0,0,0
3/18/2020,Romania,260,0,,130,1.4,0,0,,0,,19,5,5,0.7,5,0.7,241,2,2,2,2,0,0,0,0,0,0,2,2,0,0,0
3/17/2020,Russia,147,147,1.0,147,1.0,0,0,1.0,0,1.0,8,0,0,1.0,0,1.0,139,1,1,1,0,0,0,0,0,0,0,0,0,0,0,0
3/18/2020,Russia,147,0,,73.5,1.4,0,0,,0,,8,0,0,,0,,139,2,2,2,0,0,0,0,0,0,0,0,0,0,0,0
3/17/2020,Rwanda,11,11,1.0,11,1.0,0,0,1.0,0,1.0,0,0,0,1.0,0,1.0,11,1,1,0,0,0,0,0,0,0,0,0,0,0,0,0
3/18/2020,Rwanda,11,0,,5.5,1.4,0,0,,0,,0,0,0,,0,,11,2,2,0,0,0,0,0,0,0,0,0,0,0,0,0
3/17/2020,S. Korea,8413,8413,1.0,8413,1.0,84,84,1.0,84,1.0,1540,59,59,1.0,59,1.0,6789,1,1,1,1,1,1,1,0,0,0,1,1,0,0,0
3/18/2020,S. Korea,8565,152,38.7,4282.5,1.4,91,7,8.4,45.5,1.3,1947,59,59,0.7,59,0.7,6527,2,2,2,2,2,2,2,0,0,0,2,2,0,0,0
3/17/2020,Saint Lucia,2,2,1.0,2,1.0,0,0,1.0,0,1.0,0,0,0,1.0,0,1.0,2,1,0,0,0,0,0,0,0,0,0,0,0,0,0,0
3/18/2020,Saint Lucia,2,0,,1,1.4,0,0,,0,,0,0,0,,0,,2,2,0,0,0,0,0,0,0,0,0,0,0,0,0,0
3/17/2020,Saint Martin,3,3,1.0,3,1.0,0,0,1.0,0,1.0,0,0,0,1.0,0,1.0,3,1,0,0,0,0,0,0,0,0,0,0,0,0,0,0
3/18/2020,Saint Martin,3,0,,1.5,1.4,0,0,,0,,0,0,0,,0,,3,2,0,0,0,0,0,0,0,0,0,0,0,0,0,0
3/17/2020,San Marino,140,140,1.0,140,1.0,14,14,1.0,14,1.0,4,11,11,1.0,11,1.0,122,1,1,1,0,0,1,1,0,0,0,1,1,0,0,0
3/18/2020,San Marino,140,0,,70,1.4,14,0,,7,1.4,4,11,11,0.7,11,0.7,122,2,2,2,0,0,2,2,0,0,0,2,2,0,0,0
3/17/2020,Saudi Arabia,238,238,1.0,238,1.0,0,0,1.0,0,1.0,6,0,0,1.0,0,1.0,232,1,1,1,0,0,0,0,0,0,0,0,0,0,0,0
3/18/2020,Saudi Arabia,238,0,,119,1.4,0,0,,0,,6,0,0,,0,,232,2,2,2,0,0,0,0,0,0,0,0,0,0,0,0
3/17/2020,Senegal,36,36,1.0,36,1.0,0,0,1.0,0,1.0,2,0,0,1.0,0,1.0,34,1,1,0,0,0,0,0,0,0,0,0,0,0,0,0
3/18/2020,Senegal,36,0,,18,1.4,0,0,,0,,2,0,0,,0,,34,2,2,0,0,0,0,0,0,0,0,0,0,0,0,0
3/17/2020,Serbia,89,89,1.0,89,1.0,0,0,1.0,0,1.0,1,4,4,1.0,4,1.0,88,1,1,0,0,0,0,0,0,0,0,1,0,0,0,0
3/18/2020,Serbia,89,0,,44.5,1.4,0,0,,0,,1,4,4,0.7,4,0.7,88,2,2,0,0,0,0,0,0,0,0,2,0,0,0,0
3/17/2020,Seychelles,6,6,1.0,6,1.0,0,0,1.0,0,1.0,0,0,0,1.0,0,1.0,6,1,1,0,0,0,0,0,0,0,0,0,0,0,0,0
3/18/2020,Seychelles,6,0,,3,1.4,0,0,,0,,0,0,0,,0,,6,2,2,0,0,0,0,0,0,0,0,0,0,0,0,0
3/17/2020,Singapore,313,313,1.0,313,1.0,0,0,1.0,0,1.0,114,14,14,1.0,14,1.0,199,1,1,1,1,0,0,0,0,0,0,1,1,0,0,0
3/18/2020,Singapore,313,0,,156.5,1.4,0,0,,0,,117,14,14,0.7,14,0.7,196,2,2,2,2,0,0,0,0,0,0,2,2,0,0,0
3/18/2020,Sint Maarten,1,1,1.0,1,1.0,0,0,1.0,0,1.0,0,0,0,1.0,0,1.0,1,1,0,0,0,0,0,0,0,0,0,0,0,0,0,0
3/17/2020,Slovakia,105,105,1.0,105,1.0,0,0,1.0,0,1.0,0,2,2,1.0,2,1.0,105,1,1,1,0,0,0,0,0,0,0,1,0,0,0,0
3/18/2020,Slovakia,105,0,,52.5,1.4,0,0,,0,,0,2,2,0.7,2,0.7,105,2,2,2,0,0,0,0,0,0,0,2,0,0,0,0
3/17/2020,Slovenia,286,286,1.0,286,1.0,1,1,1.0,1,1.0,0,4,4,1.0,4,1.0,285,1,1,1,1,0,1,0,0,0,0,1,0,0,0,0
3/18/2020,Slovenia,286,0,,143,1.4,1,0,,0.5,1.4,0,6,6,0.5,5,0.6,285,2,2,2,2,0,2,0,0,0,0,2,1,0,0,0
3/17/2020,Somalia,1,1,1.0,1,1.0,0,0,1.0,0,1.0,0,0,0,1.0,0,1.0,1,1,0,0,0,0,0,0,0,0,0,0,0,0,0,0
3/18/2020,Somalia,1,0,,0.5,1.4,0,0,,0,,0,0,0,,0,,1,2,0,0,0,0,0,0,0,0,0,0,0,0,0,0
3/17/2020,South Africa,116,116,1.0,116,1.0,0,0,1.0,0,1.0,0,0,0,1.0,0,1.0,116,1,1,1,0,0,0,0,0,0,0,0,0,0,0,0
3/18/2020,South Africa,116,0,,58,1.4,0,0,,0,,0,0,0,,0,,116,2,2,2,0,0,0,0,0,0,0,0,0,0,0,0
3/17/2020,Spain,14769,14769,1.0,14769,1.0,638,638,1.0,638,1.0,1028,563,563,1.0,563,1.0,13103,1,1,1,1,1,1,1,1,1,0,1,1,1,1,0
3/18/2020,Spain,14769,0,,7384.5,1.4,638,0,,319,1.4,1081,800,800,0.5,681.5,0.6,13050,2,2,2,2,2,2,2,2,2,0,2,2,2,2,0
3/17/2020,Sri Lanka,51,51,1.0,51,1.0,0,0,1.0,0,1.0,1,0,0,1.0,0,1.0,50,1,1,0,0,0,0,0,0,0,0,0,0,0,0,0
3/18/2020,Sri Lanka,51,0,,25.5,1.4,0,0,,0,,3,0,0,,0,,48,2,2,0,0,0,0,0,0,0,0,0,0,0,0,0
3/17/2020,St. Barth,3,3,1.0,3,1.0,0,0,1.0,0,1.0,0,0,0,1.0,0,1.0,3,1,0,0,0,0,0,0,0,0,0,0,0,0,0,0
3/18/2020,St. Barth,3,0,,1.5,1.4,0,0,,0,,0,0,0,,0,,3,2,0,0,0,0,0,0,0,0,0,0,0,0,0,0
3/17/2020,St. Vincent Grenadines,1,1,1.0,1,1.0,0,0,1.0,0,1.0,0,0,0,1.0,0,1.0,1,1,0,0,0,0,0,0,0,0,0,0,0,0,0,0
3/18/2020,St. Vincent Grenadines,1,0,,0.5,1.4,0,0,,0,,0,0,0,,0,,1,2,0,0,0,0,0,0,0,0,0,0,0,0,0,0
3/17/2020,Sudan,2,2,1.0,2,1.0,1,1,1.0,1,1.0,0,0,0,1.0,0,1.0,1,1,0,0,0,0,1,0,0,0,0,0,0,0,0,0
3/18/2020,Sudan,2,0,,1,1.4,1,0,,0.5,1.4,0,0,0,,0,,1,2,0,0,0,0,2,0,0,0,0,0,0,0,0,0
3/17/2020,Suriname,1,1,1.0,1,1.0,0,0,1.0,0,1.0,0,0,0,1.0,0,1.0,1,1,0,0,0,0,0,0,0,0,0,0,0,0,0,0
3/18/2020,Suriname,1,0,,0.5,1.4,0,0,,0,,0,0,0,,0,,1,2,0,0,0,0,0,0,0,0,0,0,0,0,0,0
3/17/2020,Sweden,1301,1301,1.0,1301,1.0,10,10,1.0,10,1.0,1,12,12,1.0,12,1.0,1290,1,1,1,1,1,1,1,0,0,0,1,1,0,0,0
3/18/2020,Sweden,1301,0,,650.5,1.4,10,0,,5,1.4,15,12,12,0.7,12,0.7,1276,2,2,2,2,2,2,2,0,0,0,2,2,0,0,0
3/17/2020,Switzerland,3115,3115,1.0,3115,1.0,33,33,1.0,33,1.0,15,0,0,1.0,0,1.0,3067,1,1,1,1,1,1,1,0,0,0,0,0,0,0,0
3/18/2020,Switzerland,3115,0,,1557.5,1.4,33,0,,16.5,1.4,15,0,0,,0,,3067,2,2,2,2,2,2,2,0,0,0,0,0,0,0,0
3/17/2020,Taiwan,100,100,1.0,100,1.0,1,1,1.0,1,1.0,20,0,0,1.0,0,1.0,79,1,1,1,0,0,1,0,0,0,0,0,0,0,0,0
3/18/2020,Taiwan,100,0,,50,1.4,1,0,,0.5,1.4,22,0,0,,0,,77,2,2,2,0,0,2,0,0,0,0,0,0,0,0,0
3/17/2020,Tanzania,3,3,1.0,3,1.0,0,0,1.0,0,1.0,0,0,0,1.0,0,1.0,3,1,0,0,0,0,0,0,0,0,0,0,0,0,0,0
3/18/2020,Tanzania,3,0,,1.5,1.4,0,0,,0,,0,0,0,,0,,3,2,0,0,0,0,0,0,0,0,0,0,0,0,0,0
3/17/2020,Thailand,212,212,1.0,212,1.0,1,1,1.0,1,1.0,41,1,1,1.0,1,1.0,170,1,1,1,0,0,1,0,0,0,0,1,0,0,0,0
3/18/2020,Thailand,212,0,,106,1.4,1,0,,0.5,1.4,42,1,1,0.7,1,0.7,169,2,2,2,0,0,2,0,0,0,0,2,0,0,0,0
3/17/2020,Togo,1,1,1.0,1,1.0,0,0,1.0,0,1.0,0,0,0,1.0,0,1.0,1,1,0,0,0,0,0,0,0,0,0,0,0,0,0,0
3/18/2020,Togo,1,0,,0.5,1.4,0,0,,0,,0,0,0,,0,,1,2,0,0,0,0,0,0,0,0,0,0,0,0,0,0
3/17/2020,Trinidad and Tobago,7,7,1.0,7,1.0,0,0,1.0,0,1.0,0,0,0,1.0,0,1.0,7,1,1,0,0,0,0,0,0,0,0,0,0,0,0,0
3/18/2020,Trinidad and Tobago,7,0,,3.5,1.4,0,0,,0,,0,0,0,,0,,7,2,2,0,0,0,0,0,0,0,0,0,0,0,0,0
3/17/2020,Tunisia,29,29,1.0,29,1.0,0,0,1.0,0,1.0,1,2,2,1.0,2,1.0,28,1,1,0,0,0,0,0,0,0,0,1,0,0,0,0
3/18/2020,Tunisia,29,0,,14.5,1.4,0,0,,0,,1,2,2,0.7,2,0.7,28,2,2,0,0,0,0,0,0,0,0,2,0,0,0,0
3/17/2020,Turkey,191,191,1.0,191,1.0,2,2,1.0,2,1.0,0,0,0,1.0,0,1.0,189,1,1,1,0,0,1,0,0,0,0,0,0,0,0,0
3/18/2020,Turkey,191,0,,95.5,1.4,2,0,,1,1.4,0,0,0,,0,,189,2,2,2,0,0,2,0,0,0,0,0,0,0,0,0
3/17/2020,U.S. Virgin Islands,2,2,1.0,2,1.0,0,0,1.0,0,1.0,0,0,0,1.0,0,1.0,2,1,0,0,0,0,0,0,0,0,0,0,0,0,0,0
3/18/2020,U.S. Virgin Islands,2,0,,1,1.4,0,0,,0,,0,0,0,,0,,2,2,0,0,0,0,0,0,0,0,0,0,0,0,0,0
3/17/2020,UAE,113,113,1.0,113,1.0,0,0,1.0,0,1.0,26,2,2,1.0,2,1.0,87,1,1,1,0,0,0,0,0,0,0,1,0,0,0,0
3/18/2020,UAE,113,0,,56.5,1.4,0,0,,0,,26,2,2,0.7,2,0.7,87,2,2,2,0,0,0,0,0,0,0,2,0,0,0,0
3/17/2020,UK,2626,2626,1.0,2626,1.0,104,104,1.0,104,1.0,65,20,20,1.0,20,1.0,2457,1,1,1,1,1,1,1,1,0,0,1,1,0,0,0
3/18/2020,UK,2626,0,,1313,1.4,104,0,,52,1.4,65,20,20,0.7,20,0.7,2457,2,2,2,2,2,2,2,2,0,0,2,2,0,0,0
3/17/2020,Ukraine,16,16,1.0,16,1.0,2,2,1.0,2,1.0,0,0,0,1.0,0,1.0,14,1,1,0,0,0,1,0,0,0,0,0,0,0,0,0
3/18/2020,Ukraine,16,0,,8,1.4,2,0,,1,1.4,0,0,0,,0,,14,2,2,0,0,0,2,0,0,0,0,0,0,0,0,0
3/17/2020,Uruguay,79,79,1.0,79,1.0,0,0,1.0,0,1.0,0,0,0,1.0,0,1.0,79,1,1,0,0,0,0,0,0,0,0,0,0,0,0,0
3/18/2020,Uruguay,79,0,,39.5,1.4,0,0,,0,,0,0,0,,0,,79,2,2,0,0,0,0,0,0,0,0,0,0,0,0,0
3/17/2020,USA,9259,9259,1.0,9259,1.0,150,150,1.0,150,1.0,106,12,12,1.0,12,1.0,9003,1,1,1,1,1,1,1,1,0,0,1,1,0,0,0
3/18/2020,USA,9436,177,36.6,4718,1.4,155,5,21.0,77.5,1.4,108,64,64,0.1,38,0.2,9173,2,2,2,2,2,2,2,2,0,0,2,2,0,0,0
3/17/2020,Uzbekistan,18,18,1.0,18,1.0,0,0,1.0,0,1.0,0,0,0,1.0,0,1.0,18,1,1,0,0,0,0,0,0,0,0,0,0,0,0,0
3/18/2020,Uzbekistan,18,0,,9,1.4,0,0,,0,,0,0,0,,0,,18,2,2,0,0,0,0,0,0,0,0,0,0,0,0,0
3/17/2020,Vatican City,1,1,1.0,1,1.0,0,0,1.0,0,1.0,0,0,0,1.0,0,1.0,1,1,0,0,0,0,0,0,0,0,0,0,0,0,0,0
3/18/2020,Vatican City,1,0,,0.5,1.4,0,0,,0,,0,0,0,,0,,1,2,0,0,0,0,0,0,0,0,0,0,0,0,0,0
3/17/2020,Venezuela,36,36,1.0,36,1.0,0,0,1.0,0,1.0,0,0,0,1.0,0,1.0,36,1,1,0,0,0,0,0,0,0,0,0,0,0,0,0
3/18/2020,Venezuela,36,0,,18,1.4,0,0,,0,,0,0,0,,0,,36,2,2,0,0,0,0,0,0,0,0,0,0,0,0,0
3/17/2020,Vietnam,76,76,1.0,76,1.0,0,0,1.0,0,1.0,16,0,0,1.0,0,1.0,60,1,1,0,0,0,0,0,0,0,0,0,0,0,0,0
3/18/2020,Vietnam,76,0,,38,1.4,0,0,,0,,16,0,0,,0,,60,2,2,0,0,0,0,0,0,0,0,0,0,0,0,0
3/18/2020,Zambia,2,2,1.0,2,1.0,0,0,1.0,0,1.0,0,0,0,1.0,0,1.0,2,1,0,0,0,0,0,0,0,0,0,0,0,0,0,0
